VPC ID,Structure,SMILES,Mol Weight,IC50_eGFP,PSA IC50 (uM),% Growth@50uM (MTS),% Peptide Displacement@50uM (FP),% AR Inhibition@50/25uM (eGFP),% AR Inhibition@3uM (eGFP),CV_eGFP (50uM),CV_eGFP (3uM),CV_FP,Half Life,,U-shaper,
13621,,Brc1c2[nH]cc(-c3nc4c(cc3)cccc4)c2ccc1.Cl,359.65,0.00,0.01,,,,,,,,13.00,,1,
13566,,Cc1c2[nH]cc(-c3nc4c(cc3)cccc4)c2ccc1,258.32,0.10,0.09,,,,,,,,29.00,,,
13610,,Fc1c2[nH]cc(-c3nc4c(cc3)cccc4)c2cc(F)c1,280.28,0.00,0.01,,,,,,,,27.00,,1,
13642,,Clc1c(F)ccc2c(-c3nc4c(cc3)cccc4)c[nH]c12,296.73,0.00,0.03,,,,,,,,11.00,,1,
13676,,c1(-c2cc3c(cc2)cccc3)c2c([nH]c1)nccc2,244.30,0.10,0.03,,,,,,,,13.00,,1,
13737,,Brc1ccc(-c2c3ncccc3[nH]c2)cc1,273.13,0.10,0.04,,,,,,,,12.00,,1,
13585,,Cc1c2[nH]cc(-c3nc4c(nc3)cccc4)c2ccc1,259.31,0.10,0.03,,,,,,,,37.00,,1,
13582,,Brc1c2[nH]cc(-c3nc4c(cc3)cccc4)c2ccc1,323.19,0.10,0.06,,,,,,,,32.00,,1,
13624,,Clc1c2[nH]cc(-c3nc4c(cc3)cccc4)c2cc(F)c1,296.73,0.10,0.04,,,,,,,,23.00,,1,
13579,,c1(-c2nc3c(cc2)cccc3)n[nH]c2c1cccc2,245.29,0.10,0.04,,,,,,,,41.00,,1,
13576,,Fc1cc2[nH]cc(-c3nc4c(cc3)cccc4)c2cc1,262.29,0.10,0.05,,,,,,,,20.00,,0,
13584,,Cc1c2[nH]nc(-c3nc4c(cc3)cccc4)c2ccc1,259.31,0.10,0.05,,,,,,,,47.00,,1,
13674,,c1(-c2cc3c(cc2)cccc3)n[nH]c2c1cccc2,244.30,0.10,0.05,,,,,,,,43.00,,0,
13716,,Brc1ccc(-c2c3c([nH]c2)nccc3)cc1,273.13,0.10,0.06,,,,,,,,14.50,,0,
13738,,Brc1ccc(-c2c3c(c([N+](=O)O)ccc3)[nH]c2)cc1,318.15,0.10,0.06,,,,,,,,37.00,,0,
13694,,Clc1c2[nH]cc(-c3nc4c(cc3)ccc(F)c4)c2ccc1,296.73,0.10,0.07,,,,,,,,46.00,,1,
13688,,Fc1c2nc(-c3c4c([nH]c3)cccc4)ccc2ccc1,262.29,0.10,0.07,,,,,,,,30.00,,,
13699,,Cc1c2[nH]cc(-c3nc4c(nc3)cccc4)c2ccc1,259.31,0.10,0.07,,,,,,,,,,1,
13622,,Clc1c2[nH]cc(-c3nc4c(cc3)cccc4)c2ccc1.Cl,315.20,0.10,0.08,,,,,,,,17.00,,0,
13692,,Fc1c2nc(-c3c4c(c(C)ccc4)[nH]c3)ccc2ccc1,276.31,0.10,0.08,,,,,,,,58.50,,,
13591,,Cc1c2[nH]cc(-c3cc4c(cc3)cccc4)c2ccc1,257.34,0.00,0.03,,,,,,,,23.00,,1,
13607,,Fc1c(C)c2[nH]cc(-c3nc4c(cc3)cccc4)c2cc1,276.31,0.20,0.09,,,,,,,,26.00,,0,
13695,,Fc1c2[nH]cc(-c3nc4c(F)cccc4cc3)c2cc(F)c1,298.27,0.10,0.09,,,,,,,,41.00,,1,
13703,,c1(-c2cc3c(cc2)cccc3)c2ncccc2[nH]c1,244.30,0.10,0.10,,,,,,,,16.00,,0,
13594,,Cc1c2c(nc(-c3c4c(c(C)ccc4)[nH]c3)c1)cccc2,272.35,0.20,0.10,,,,,,,,9.00,,0,
13677,,Brc1c2nc(-c3c4c(c(C)ccc4)[nH]c3)ccc2ccc1,337.22,0.20,0.11,,,,,,,,144.00,,1,
13718,,Fc1cc(C)c2[nH]nc(-c3nc4c(nc3)ccc(F)c4)c2c1,296.28,0.10,0.11,,,,,,,,,,0,
13693,,Fc1c(F)cc2[nH]cc(-c3nc4c(c(F)ccc4)cc3)c2c1,298.27,0.10,0.12,,,,,,,,39.00,,1,
13611,,Fc1cc2nc(-c3c4c(c(C)ccc4)[nH]c3)ccc2cc1,276.31,0.10,0.12,,,,,,,,53.00,,0,
13593,,Clc1c2nc(-c3c4c(c(C)ccc4)[nH]c3)ccc2ccc1,292.77,0.20,0.13,,,,,,,,105.00,,1,
13618,,Fc1c(F)ccc2c(-c3nc4c(cc3)cccc4)c[nH]c12,280.28,0.20,0.13,,,,,,,,10.00,,1,
13719,,Fc1c(F)c2[nH]cc(-c3nc4c(c(C(=O)NC)ccc4)cc3)c2cc1F,355.32,0.10,0.13,,,,,,,,72.30,,0,
13597,,O=C(NC)c1c2c(nc(-c3c4c(c(C)ccc4)[nH]c3)cc2)ccc1,315.38,0.20,0.13,,,,,,,,59.00,,0,
13562,,c1(-c2c3c([nH]c2)cccc3)nc2c(cc1)cccc2,244.30,0.10,0.14,,,,,,,,,,0,
13702,,O=[N+]([O-])c1c2[nH]cc(-c3cc4c(cc3)cccc4)c2ccc1,288.31,0.20,0.14,,,,,,,,11.00,,0,
13643,,Cc1c2[nH]cc(-c3cnc4c(c3)cccc4)c2ccc1,258.32,0.20,0.15,,,,,,,,18.00,,0,
13654,,Cc1c2[nH]cc(-c3cnc4c(c3)cccc4)c2ccc1,258.32,0.90,0.16,,,,,,,,,,0,
13601,,Fc1cc(C)c2[nH]cc(-c3nc4c(cc3)cccc4)c2c1,276.31,0.20,0.17,,,,,,,,66.00,,0,
13704,,Fc1cc(C)c2[nH]nc(-c3nc4c(cc3)ccc(F)c4)c2c1,295.29,0.40,0.17,,,,,,,,80.00,,0,
13602,,FC(F)(F)c1c2c(nc(-c3c4c(c(C)ccc4)[nH]c3)cc2)ccc1,326.32,0.20,0.18,,,,,,,,75.00,,0,
13730,,Fc1cc(C#N)c2[nH]cc(-c3nc4c(cc3)ccc(F)c4)c2c1,305.29,0.10,0.20,,,,,,,,158.00,,0,
13665,,Clc1c2nc(-c3c4c(c(C)c(F)cc4)[nH]c3)ccc2ccc1,310.76,0.30,0.21,,,,,,,,186.00,,0,
13646,,Fc1c(C)c2[nH]cc(-c3nc4c(cc3)ccc(F)c4)c2cc1,294.31,0.20,0.23,,,,,,,,103.00,,0,
13567,,C(C)c1c2[nH]cc(-c3nc4c(cc3)cccc4)c2ccc1,272.35,0.20,0.23,,,,,,,,,,0,
13645,,Fc1c(F)cc2[nH]cc(-c3nc4c(c(C(=O)NC)ccc4)cc3)c2c1,337.33,0.30,0.24,,,,,,,,61.00,,0,
13710,,Fc1cc(C)c2[nH]cc(-c3nc4c(c(C(=O)NC)ccc4)cc3)c2c1,333.37,0.20,0.25,,,,,,,,47.90,,0,
13731,,Fc1cc(C#N)c2[nH]cc(-c3nc4c(c(C(=O)NC)ccc4)cc3)c2c1,344.35,0.30,0.26,,,,,,,,114.00,,0,
13653,,Brc1c2[nH]cc(-c3cnc4c(c3)cccc4)c2ccc1,323.19,1.10,0.29,,,,,,,,,,0,
13708,,Fc1c2nc(-c3c4c(c(C)cc(F)c4)[nH]c3)ccc2ccc1,294.31,0.30,0.29,,,,,,,,90.00,,0,
13717,,Fc1cc(C)c2[nH]cc(-c3nc4c(nc3)ccc(F)c4)c2c1,295.29,0.40,0.33,,,,,,,,120.60,,0,
13603,,Cc1c2[nH]cc(-c3nc4c(cn3)cccc4)c2ccc1,259.31,0.60,0.34,,,,,,,,,,0,
13715,,c1(-c2ccc(-c3ccccc3)cc2)c2c([nH]c1)nccc2,270.34,4.10,0.35,,,,,,,,42.10,,0,
13641,,Clc1cc(F)c2[nH]cc(-c3nc4c(cc3)cccc4)c2c1,296.73,0.10,0.40,,,,,,,,38.00,,0,
13630,,Fc1c(F)cc2[nH]cc(-c3nc4c(cc3)ccc(F)c4)c2c1,298.27,0.60,0.43,,,,,,,,77.00,,0,
13656,,Fc1c2c(-c3nc4c(cc3)cccc4)c[nH]c2c(F)cc1,280.28,1.00,0.46,,,,,,,,,,0,
13675,,c1(-c2cc3c(cc2)cccc3)c2c([nH]c1)cncc2,244.30,0.50,0.47,,,,,,,,3.00,,0,
13691,,O=C(NC)c1c2c(nc(-c3c4c([nH]c3)cccc4)cc2)ccc1,301.35,0.40,0.48,,,,,,,,32.10,,0,
13587,,c1(-c2c3c([nH]c2)cccc3)nc2c(cn1)cccc2,245.29,0.80,0.53,,,,,,,,,,0,
13639,,Clc1c2[nH]cc(-c3nc4c(cc3)cccc4)c2c(F)cc1,296.73,0.50,0.54,,,,,,,,12.00,,0,
13614,,Fc1c(F)cc2[nH]cc(-c3nc4c(cc(F)cc4)cc3)c2c1,298.27,1.10,0.60,,,,,,,,42.00,,0,
13628,,c1(-c2cnc3c(c2)cccc3)c2c([nH]c1)cccc2,244.30,0.80,0.61,,,,,,,,,,0,
13655,,Cc1c2[nH]cc(-c3cnccc3)c2ccc1,208.26,1.70,0.61,,,,,,,,,,,
13736,,Brc1ccc(-c2c3c(c(C(=O)OC)ccc3)[nH]c2)cc1,330.18,0.60,0.68,,,,,,,,,,,
13612,,Fc1c2[nH]cc(-c3nc4c(cc3)cccc4)c2cc(C)c1,276.31,1.40,0.81,,,,,,,,,,,
13733,,Cc1c2[nH]cc(-c3ccc(-c4ccccc4)cc3)c2ccc1,283.37,3.80,0.92,,,,,,,,,,,
13600,,Cc1c2c(-c3nc4c(cc3)cccc4)c[nH]c2c(C)cc1,272.35,1.30,0.93,,,,,,,,,,,
13583,,c1(-c2c3c([nH]c2)cncc3)nc2c(cc1)cccc2,245.29,1.10,0.93,,,,,,,,,,,
13586,,Clc1cc(C)c2[nH]nc(-c3nc4c(cc3)cccc4)c2c1,293.75,1.20,0.96,,,,,,,,50.00,,,
13682,,FC(F)(F)c1c2nc(-c3c4c([nH]c3)cc(F)c(F)c4)ccc2ccc1,348.28,0.90,0.99,,,,,,,,,,,
13627,,Clc1c2[nH]cc(-c3nc4c(cc3)cccc4)c2cc(Cl)c1,313.18,1.50,1.16,,,,,,,,154.00,,,
13592,,Cc1c2[nH]cc(-c3nc4c(cc3)cccc4)c2cc(C)c1,272.35,1.60,1.22,,,,,,,,94.00,,,
13625,,Clc1c2[nH]cc(-c3nc4c(cc3)cccc4)c2cc(C)c1,292.77,1.90,1.23,,,,,,,,18.00,,,
13575,,Cc1c2nn(-c3nc4c(cc3)cccc4)cc2ccc1,259.31,3.50,1.36,,,,,,,,,,,
13606,,Clc1cc2nc(-c3c4c(c(C)ccc4)[nH]c3)ccc2cc1,292.77,1.60,1.42,,,,,,,,89.00,,,
13735,,Cc1c2[nH]cc(-c3cc(-c4ccccc4)ccc3)c2ncc1,284.36,3.90,1.43,,,,,,,,,,,
13568,,Brc1cc2[nH]cc(-c3nc4c(cc3)cccc4)c2cc1,323.19,1.30,1.56,,,,,,,,,,,
13626,,Clc1cc(C)c2[nH]cc(-c3nc4c(cc3)cccc4)c2c1,292.77,2.70,1.65,,,,,,,,40.00,,,
13681,,Clc1c2c(-c3nc4c(cc3)cccc4)c[nH]c2c(C)cc1,292.77,2.50,1.70,,,,,,,,,,,
13577,,Cc1cc2c(-c3nc4c(cc3)cccc4)c[nH]c2cc1,258.32,3.20,1.73,,,,,,,,,,,
13613,,Clc1c(F)c2[nH]cc(-c3nc4c(cc3)cccc4)c2cc1,296.73,11.50,1.74,,,,,,,,,,,
13652,,Fc1c(C)c2[nH]cc(-c3c(O)cc4c(n3)cccc4)c2cc1,292.31,3.50,1.76,,,,,,,,58.00,,,
13629,,Fc1c(F)cc2[nH]cc(-c3c(O)cc4c(n3)cccc4)c2c1,296.28,4.90,1.78,,,,,,,,,,,
13660,,Fc1c(C)c2[nH]cc(-c3nc4c(cc3)ccc(C)c4)c2cc1,290.34,2.50,1.89,,,,,,,,,,,
13683,,Brc1cc2c(-c3nc4c(cc3)cccc4)c[nH]c2cc1,323.19,2.60,1.91,,,,,,,,,,,
13658,,Cc1c2[nH]cc(-c3nc4c(cc3)ccc(C)c4)c2ccc1,272.35,2.90,2.21,,,,,,,,,,,
13734,,Cc1c2[nH]cc(-c3cc(-c4ccccc4)ccc3)c2ccc1,283.37,11.00,4.13,,,,,,,,,,,
13684,,c1(-c2cnc3c(c2)cccc3)n[nH]c2c1cccc2,245.29,1.40,6.61,,,,,,,,37.00,,,
13569,,Fc1c2[nH]cc(-c3nc4c(cc3)cccc4)c2ccc1,262.29,1.60,500.00,,,,,,,,,,,
13570,,Cc1c(-c2nc3c(cc2)cccc3)c2c([nH]1)cccc2,258.32,20.00,500.00,,,,,,,,,,,
13571,,Cn1c2c(c(-c3nc4c(cc3)cccc4)c1)cccc2,258.32,1.10,500.00,,,,,,,,,,,
13572,,n1(-c2nc3c(cc2)cccc3)nc2c(c1)cccc2,245.29,0.70,500.00,,,,,,,,,,,
13573,,Fc1cc2c(nc(-c3c4c(c(C)ccc4)[nH]c3)cc2)cc1,276.31,0.60,500.00,,,,,,,,36.00,,0,
13574,,Cc1cc2[nH]cc(-c3nc4c(cc3)cccc4)c2cc1,258.32,2.60,500.00,,,,,,,,13.00,,,
13580,,FC(F)(F)c1cc2[nH]cc(-c3nc4c(cc3)cccc4)c2cc1,312.30,2.90,500.00,,,,,,,,,,,
13581,,c1(-c2cnccc2)c2c([nH]c1)cncc2,195.23,4.90,500.00,,,,,,,,,,,
13589,,O(Cc1ccccc1)c1cc2[nH]cc(-c3nc4c(cc3)cccc4)c2cc1,350.42,5.30,6.56,,,,,,,,,,,
13595,,Cc1c2[nH]cc(-c3nc4c(C)cccc4cc3)c2ccc1,272.35,500.00,500.00,,,,,,,,,,,
13619,,Fc1c(C)ccc2c(-c3nc4c(cc3)cccc4)c[nH]c12,276.31,2.20,500.00,,,,,,,,15.00,,,
13633,,Cc1c2[nH]nc(-c3nc4c(cc3)cccc4)c2cc(C)c1,273.34,6.00,500.00,,,,,,,,,,,
13634,,Cc1c2[nH]cc(-c3nccc4c3cccc4)c2ccc1,258.32,5.00,500.00,,,,,,,,,,,
13644,,Cc1c2[nH]cc(-c3nc4nccnc4cc3)c2ccc1,260.30,3.00,500.00,,,,,,,,10.00,,,
13650,,Fc1c2c(-c3nc4c(cc3)cccc4)c[nH]c2c(C)cc1,276.31,1.60,500.00,,,,,,,,42.00,,,
13651,,Fc1c(F)cc2[nH]cc(-c3nc4c(F)cccc4cc3)c2c1,298.27,0.40,500.00,,,,,,,,76.00,,0,
13680,,OCc1c2c(nc(-c3c4c(c(C)ccc4)[nH]c3)cc2)ccc1,288.35,0.80,500.00,,,,,,,,,,1,
13713,,Fc1c2[nH]cc(-c3nc4c(c(C(=O)NC)ccc4)cc3)c2ccc1,319.34,0.00,500.00,,,,,,,,36.20,,1,
13732,,Clc1c2nc(-c3c4c(c(C#N)cc(F)c4)[nH]c3)ccc2ccc1,321.74,0.40,0.30,,,,,,,,199.00,,0,
13596,,Cc1c(-c2c3c(c(C)ccc3)[nH]c2)nc2c(c1)cccc2,272.35,"1,000.00","1,000.00",,,,,,,,,,,
13598,,N#Cc1c2c(nc(-c3c4c(c(C)ccc4)[nH]c3)cc2)ccc1,283.33,"1,000.00","1,000.00",,,,,,,,,,,
13599,,Fc1cc2c(nc(-c3c4c(c(C)cc(C)c4)[nH]c3)cc2)cc1,290.34,"1,000.00","1,000.00",,,,,,,,50.00,,,
13604,,Cc1c2[nH]cc(C3=Nc4c(cccc4)CN3)c2ccc1,261.33,"1,000.00","1,000.00",,,,,,,,,,,
13605,,Clc1c2c(nc(-c3c4c(c(C)ccc4)[nH]c3)cc2)ccc1,292.77,"1,000.00","1,000.00",,,,,,,,,,,
13608,,N#Cc1c2c(nc(-c3c4c(c(C)cc(C)c4)[nH]c3)cc2)ccc1,297.36,"1,000.00","1,000.00",,,,,,,,,,,
13609,,Fc1c(C)c2[nH]cc(-c3nc4c(c(C#N)ccc4)cc3)c2cc1,301.32,"1,000.00","1,000.00",,,,,,,,-369.00,,,
13615,,Fc1c(C)c2[nH]cc(-c3nc4c(c(C(=O)NC)ccc4)cc3)c2cc1,333.37,"1,000.00","1,000.00",,,,,,,,,,,
13616,,Fc1c(C)c2[nH]cc(-c3nc4c(cc(C)cc4)cc3)c2cc1,290.34,"1,000.00","1,000.00",,,,,,,,,,,
13617,,FC(F)(F)c1c2c(nc(-c3c4c(c(C)ccc4)[nH]c3)c1)cccc2,326.32,"1,000.00","1,000.00",,,,,,,,,,,
13620,,Oc1c2c(nc(-c3c4c(c(C)ccc4)[nH]c3)cc2)ccc1,274.32,"1,000.00","1,000.00",,,,,,,,17.00,,,
13623,,Fc1c2c(nc(-c3c4c(c(C)ccc4)[nH]c3)cc2)ccc1,276.31,"1,000.00","1,000.00",,,,,,,,13.00,,,
13631,,Fc1c(C)c2[nH]cc(-c3nc4c(c(F)ccc4)cc3)c2cc1,294.31,"1,000.00","1,000.00",,,,,,,,34.00,,,
13632,,O=[N+]([O-])c1c2c(nc(-c3c4c(c(C)ccc4)[nH]c3)cc2)ccc1,303.32,"1,000.00","1,000.00",,,,,,,,,,,
13635,,Fc1c(C)c2[nH]cc(-c3nc4c(F)cccc4cc3)c2cc1,294.31,"1,000.00","1,000.00",,,,,,,,,,,
13636,,N#Cc1c2c(nc(-c3c4c(c(C)cc(C)c4)[nH]c3)c1)cccc2,297.36,"1,000.00","1,000.00",,,,,,,,,,,
13637,,c1(-c2cnc3c(c2)cccc3)c2c([nH]c1)ccnc2,245.29,"1,000.00","1,000.00",,,,,,,,,,,
13638,,Brc1cc(c(OC)cc1)-c1c2c([nH]c1)cccc2,302.17,"1,000.00","1,000.00",,,,,,,,,,,
13647,,O=CO.Cc1c2n(-c3nc4c(cc(C)cc4)cc3)ccc2ncc1,319.36,"1,000.00","1,000.00",,,,,,,,,,,
13648,,Fc1cc2nc(-n3c4c(C)ccnc4cc3)ccc2cc1.O=CO,323.33,"1,000.00","1,000.00",,,,,,,,503.00,,,
13649,,Cc1c2n(-c3nc4c(cc3)ccc(C)c4)ccc2ncc1,273.34,"1,000.00","1,000.00",,,,,,,,22.00,,,
13657,,Fc1cc(C)c2[nH]cc(-c3nc4c(c(C#N)c3)cccc4)c2c1,301.32,"1,000.00","1,000.00",,,,,,,,,,,
13659,,Fc1c(C)c2[nH]cc(-c3nc4c(c(C)c3)cccc4)c2cc1,290.34,"1,000.00","1,000.00",,,,,,,,,,,
13661,,Oc1c(-c2c3c(c(C)ccc3)[nH]c2)nc2c(c1)cccc2,274.32,"1,000.00","1,000.00",,,,,,,,,,,
13662,,Cc1c2[nH]cc(-c3nc4c(nccc4)cc3)c2ccc1,259.31,"1,000.00","1,000.00",,,,,,,,16.00,,,
13663,,c1(-c2nc3c(cc2)cccc3)n[nH]c2c1nccc2,246.27,"1,000.00","1,000.00",,,,,,,,126.00,,,
13664,,Fc1c(F)cc2[nH]cc(-c3nc4c(c(C#N)c3)cccc4)c2c1,305.29,"1,000.00","1,000.00",,,,,,,,23.00,,,
13666,,Fc1c2[nH]cc(-c3nc4c(c(C(=O)O)ccc4)cc3)c2cc(F)c1,324.29,"1,000.00","1,000.00",,,,,,,,642.00,,,
13667,,Clc1c2[nH]cc(-c3nc4c(c([N+](=O)[O-])ccc4)cc3)c2cc(F)c1,341.73,"1,000.00","1,000.00",,,,,,,,49.00,,,
13668,,Clc1c2[nH]cc(-c3nc4c(c(F)ccc4)cc3)c2cc(F)c1,314.72,"1,000.00","1,000.00",,,,,,,,25.00,,,
13669,,Clc1c2[nH]cc(-c3nc4c(c(Cl)ccc4)cc3)c2cc(F)c1,331.17,"1,000.00","1,000.00",,,,,,,,66.00,,,
13670,,Fc1c2[nH]cc(-c3nc4c(c([N+](=O)[O-])ccc4)cc3)c2cc(F)c1,325.28,"1,000.00","1,000.00",,,,,,,,51.00,,,
13671,,Fc1c2[nH]cc(-c3nc4c(c(F)ccc4)cc3)c2cc(F)c1,298.27,"1,000.00","1,000.00",,,,,,,,31.00,,,
13672,,Clc1c2c(nc(-c3c4c(c(F)cc(F)c4)[nH]c3)cc2)ccc1,314.72,"1,000.00","1,000.00",,,,,,,,47.00,,,
13673,,Clc1c2[nH]cc(-c3nc4c(c(C(=O)O)ccc4)cc3)c2cc(F)c1,340.74,"1,000.00","1,000.00",,,,,,,,"1,330.00",,,
13678,,Brc1c2c(nc(-c3c4c(c(C)ccc4)[nH]c3)cc2)ccc1,337.22,"1,000.00","1,000.00",,,,,,,,,,,
13679,,Brc1c2nc(-c3c4c(c(C)ccc4)[nH]c3)ccc2c(Br)cc1,416.12,"1,000.00","1,000.00",,,,,,,,,,,
13685,,c1(-c2cc3c(cc2)cccc3)c2c([nH]c1)ccnc2,244.30,"1,000.00","1,000.00",,,,,,,,,,,
13686,,c1(-c2ccccc2)[nH]c2c(n1)cncc2,195.23,"1,000.00","1,000.00",,,,,,,,47.00,,,
13687,,Oc1c(-c2[nH]c3c(n2)cccc3)cccc1,210.24,"1,000.00","1,000.00",,,,,,,,45.00,,,
13689,,O=[N+]([O-])c1c2c(nc(-c3c4c([nH]c3)cccc4)cc2)ccc1,289.29,"1,000.00","1,000.00",,,,,,,,17.90,,,
13690,,Fc1c2c(nc(-c3c4c([nH]c3)cccc4)cc2)ccc1,262.29,"1,000.00","1,000.00",,,,,,,,17.80,,,
13696,,Fc1c2[nH]cc(-c3nc4c(c(C(=O)NC)ccc4)cc3)c2cc(F)c1,337.33,0.04,0.04,,,,,,,,,,,
13696,,Fc1c2[nH]cc(-c3nc4c(c(C(=O)NC)ccc4)cc3)c2cc(F)c1,337.33,0.00,0.04,,,,,,,,,,1,
13697,,Fc1c2[nH]cc(-c3nc4c(F)cccc4cc3)c2ccc1,280.28,0.00,0.03,,,,,,,,,,1,
13698,,Clc1c2nc(-c3c4c(c(F)ccc4)[nH]c3)ccc2ccc1,296.73,0.00,0.04,,,,,,,,,,1,
13700,,C(c1n[nH]nn1)c1c2c([nH]c1)cccc2,199.22,"1,000.00","1,000.00",,,,,,,,138.00,,,
13701,,c1(-c2c3c([nH]c2)cccc3)n[nH]nn1,185.19,"1,000.00","1,000.00",,,,,,,,233.00,,,
13706,,Clc1c2c(nc(-c3c4c([nH]c3)cccc4)cc2)ccc1,278.74,"1,000.00","1,000.00",,,,,,,,,,,
13707,,Clc1c2c(nc(-c3c4c([nH]c3)cc(F)c(F)c4)cc2)ccc1,314.72,"1,000.00","1,000.00",,,,,,,,,,,
13709,,Clc1c2c(nc(-c3c4c(c(C)cc(F)c4)[nH]c3)cc2)ccc1,310.76,"1,000.00","1,000.00",,,,,,,,82.00,,,
13711,,Clc1c2[nH]cc(-c3nc4c(c([N+](=O)[O-])ccc4)cc3)c2ccc1,323.74,"1,000.00","1,000.00",,,,,,,,64.30,,,
13712,,Clc1c2[nH]cc(-c3nc4c(c(F)ccc4)cc3)c2ccc1,296.73,"1,000.00","1,000.00",,,,,,,,31.20,,,
13714,,Brc1c2[nH]cc(-c3nc4c(c(F)ccc4)cc3)c2ccc1,341.18,"1,000.00","1,000.00",,,,,,,,,,,
13720,,Clc1cc(F)c2[nH]ccc2c1,169.58,"1,000.00","1,000.00",,,,,,,,,,,
13721,,Clc1c2[nH]ccc2cc(F)c1,169.58,"1,000.00","1,000.00",,,,,,,,,,,
13722,,Fc1cc(C)c2[nH]ccc2c1,149.17,"1,000.00","1,000.00",,,,,,,,,,,
13723,,Fc1c2[nH]ccc2cc(F)c1,153.13,"1,000.00","1,000.00",,,,,,,,,,,
13724,,Clc1c2[nH]ccc2cc(C)c1,165.62,"1,000.00","1,000.00",,,,,,,,,,,
13725,,Clc1c(F)ccc2c1[nH]cc2,169.58,"1,000.00","1,000.00",,,,,,,,,,,
13726,,Clc1c2[nH]ccc2c(F)cc1,169.58,"1,000.00","1,000.00",,,,,,,,,,,
13727,,Clc1nc2c(cc1)ccc(C)c2,177.63,"1,000.00","1,000.00",,,,,,,,,,,
13728,,Clc1nc2c(cc1)ccc(F)c2,181.59,"1,000.00","1,000.00",,,,,,,,,,,
13729,,Clc1nc2c(F)cccc2cc1,181.59,"1,000.00","1,000.00",,,,,,,,,,,
13001,,O(C)c1c(OC)ccc(-c2[nH]c3c(n2)cccc3)c1,254.29,,,121.40,7.60,0.00,,0,,1,,,,
13002,,Clc1c(Cl)ccc(N2C(=O)/C(=C\c3c4c([nH]c3)cccc4)/C(=O)N2)c1,372.21,,,140.00,5.40,0.00,,0,,2,,,,
13003,,O(C)c1c(O)ccc(-c2c(N)n3c(n2)C=C(C)C=C3)c1,269.30,,,155.40,9.20,0.00,,0,,1,,,,
13004,,O=C([O-])c1ccc(-c2[nH]c3c(n2)cccc3)cc1,237.24,,,134.20,8.10,0.00,,0,,1,,,,
13005,,O(C)c1c(OC)ccc(Cn2c3c(nc2)cccc3)c1,268.32,,,115.00,8.60,41.60,,4,,1,,,,
13006,,Cc1n(C2=Nc3c(-n4nnnc24)cccc3)nc(C)c1,265.28,,,132.10,8.60,0.00,,0,,2,,,,
13007,,O(C)c1ccc(N=Nc2c([n+]([O-])on2)-c2ccccc2)cc1,296.29,,,105.40,14.60,39.30,,2,,3,,,,
13008,,S=C/1N(c2ccccc2)N=C(C)\C\1=C\Nc1cc(OC)ccc1,323.41,,,119.00,9.70,0.00,,0,,3,,,,
13009,,O=C([O-])c1ccc(N=Nc2c(O)ccc3c2cccc3)cc1,291.29,,,107.20,4.30,19.00,,7,,1,,,,
13010,,Clc1c(Cl)ccc(N2C(=O)/C(=C/c3ccccc3)/C(=O)N2)c1,333.17,,,107.80,0.00,0.00,,0,,0,,,,
13011,,O=C(N/N=C/c1cnccc1)c1cnccc1,226.24,,,114.00,5.90,0.00,,0,,1,,,,
13012,,O(C)c1c(O)cc(/C=C\2/C(=O)N(c3ccccc3)NC/2=O)cc1,310.31,,,124.20,0.00,0.00,,0,,0,,,,
13013,,O(C)c1cc(N=Nc2c(O)n(-c3ccccc3)nc2C)ccc1,308.34,,,105.00,9.70,1.10,,4,,1,,,,
13014,,O=C(C)c1cc(Nc2nc(NCC)c3c(n2)cccc3)ccc1,306.37,,,8.50,0.00,74.10,,0,,0,,,,
13015,,O(C)c1ccc(-c2nc3n(c2)C=CC=N3)cc1,225.25,,,77.30,8.10,0.00,,0,,2,,,,
13016,,O=C([O-])c1c(O)ccc(Nc2[nH]c3c(n2)cccc3)c1,268.25,,,112.50,30.80,0.00,,0,,2,,,,
13017,,O=C([O-])c1ccc(N/C=C(\C#N)/c2[nH]c3c(n2)cccc3)cc1,303.30,,,109.20,0.00,0.00,,0,,0,,,,
13018,,O(C)c1cc(/C=N/c2[nH]c3c(n2)cccc3)c(O)cc1,267.29,,,110.00,3.20,0.00,,0,,1,,,,
13019,,O=C([O-])c1cc(Nc2ncnc3c2oc2c3cccc2)ccc1,304.29,,,95.70,8.60,0.00,,2,,3,,,,
13020,,N(=C/c1cc2OCOc2cc1)\c1n(C)c2c([n+H]1)cccc2,280.31,,,109.70,8.10,0.00,,0,,3,,,,
13021,,Brc1ccc(/C=N/Nc2nc(C)cc(C)n2)cc1,305.18,,,78.10,7.60,0.00,,0,,4,,,,
13022,,Clc1cc(-n2c(N)c(-c3cc(OC)c(OC)cc3)cn2)ccc1,329.78,,,63.90,2.70,58.70,,3,,3,,,,
13023,,Clc1c(/C=C(\C#N)/c2[nH]c3c(n2)cccc3)cc(OC)c(OC)c1,339.78,,,118.10,0.00,3.60,,3,,0,,,,
13024,,Brc1cc2c(Nc3ccc(C(=O)OC)cc3)ncnc2cc1,358.20,,,115.60,6.50,8.50,,3,,3,,,,
13025,,Clc1c(C)ccc(-c2oc(CNc3[nH]ncn3)cc2)c1,288.74,,,122.30,4.30,22.30,,4,,1,,,,
13026,,Brc1ccc(-c2[nH]nc3nc(-c4ccccc4)cc(C(=O)[O-])c23)cc1,393.22,,,126.90,2.20,0.00,,0,,3,,,,
13027,,O=C(N)[N-]/N=C/1\C(c2[nH]c3c(n2)cccc3)=Cc2c(O\1)cccc2,318.32,,,118.20,0.00,0.00,,0,,0,,,,
13028,,O(C)c1cc(/C=C/2\C(=O)N/C(=N\c3ccccc3)/S\2)ccc1,310.37,,,94.10,0.00,5.30,,3,,0,,,,
13029,,Oc1ccc(Cn2c(-c3ccc(O)cc3)nc3c2cccc3)cc1,316.36,3.20,,97.00,0.50,90.30,,1,,3,,,,
13030,,O(C)c1ccc(N=Nc2c(O)c3c([nH]2)ccc(C)c3)cc1,281.32,,,123.40,0.00,0.00,,0,,0,,,,
13031,,O(C)c1c(OC)ccc(-c2c(C)nn3C(c4ccccc4)=CC(C)=Nc23)c1,359.43,,,125.30,7.10,0.00,,0,,4,,,,
13032,,Clc1cc2-n3c(C(Nc4ccc(C(=O)[O-])cc4)=[N+H]c2cc1)nnc3,339.74,,,112.20,0.00,0.00,,0,,0,,,,
13033,,C(C)N1c2n(-c3c1cccc3)cc(-c1cc3OCOc3cc1)n2,305.34,,,85.30,12.00,9.50,,3,,3,,,,
13034,,Clc1c(-c2nc3n[nH]c(-c4ccccc4)c3c(C(=O)[O-])c2)cccc1,348.77,,,119.70,3.30,0.00,,0,,2,,,,
13035,,O=C([O-])c1c2c(-c3ccc(C)cc3)[nH]nc2nc(-c2c(OC)cccc2)c1,358.38,,,114.40,1.60,0.00,,0,,4,,,,
13036,,c1(-c2n[nH]c3c2cccc3)[nH]c2c(n1)cccc2,234.26,1.60,,77.40,0.00,91.30,,0,,0,,,,
13037,,O=C1N(c2[nH]c3c(n2)cccc3)N=Cc2c1cccc2,262.27,,,121.10,5.50,0.00,,0,,2,,,,
13038,,Brc1cnc2nc(-c3ccc(OCC(=O)[O-])cc3)[nH]c2c1,347.15,,,117.60,0.00,0.00,,0,,0,,,,
13039,,O=C(N1c2n(c3c(n2)cccc3)CC1)c1cc2OCOc2cc1,307.31,,,107.90,0.50,0.00,,0,,4,,,,
13040,,Fc1cc(F)cc(C(=O)N2c3n(c4c(n3)cccc4)CC2)c1,299.28,,,105.70,0.00,0.00,,0,,0,,,,
13041,,ClC1=Cn2c(nc(-c3cc(OC)c(OC)cc3)c2)C=C1,288.73,,,101.30,6.00,0.00,,1,,3,,,,
13042,,Clc1ccc(C(=O)N=Nc2[nH]c(N)c3c2cccc3)cc1,298.73,,,99.90,2.20,0.00,,0,,3,,,,
13043,,O=C(N/N=C(\C)/c1occc1)c1c(C)n2c(n1)C=CC=C2,282.30,,,87.80,6.00,0.00,,0,,2,,,,
13044,,BrC1=Cn2c(nc(-c3ccc(OC)cc3)c2)C=C1,303.16,,,80.40,0.00,0.00,,0,,3,,,,
13045,,O(C)c1c(OC)ccc(N/N=C\2/C(=[N+H2])N(c3ccc(C)cc3)N=C/2C)c1,352.42,1.20,,59.60,9.80,88.00,,1,,3,,,0,
13046,,Clc1c(C(=O)Nc2[nH]c3c(n2)cccc3)sc2c1ccc(F)c2,345.78,,,90.70,0.00,0.00,,0,,0,,,,
13047,,O=C([O-])c1ccc(-c2oc(-c3cc(C)ccc3)nn2)cc1,279.28,,,100.30,0.00,0.00,,0,,0,,,,
13048,,O=C(Nc1[nH]c2c(n1)cccc2)[C@H](Oc1ccccc1)C,281.32,,,94.30,0.00,25.70,,4,,0,,,,
13049,,FC(F)(F)C=1C(=O)N(Cc2nc(N)c3c(n2)cccc3)C=CC=1,320.28,,,123.60,0.00,31.60,,2,,0,,,,
13050,,BrC1=Cn2c(nc(-c3c4c([nH]c3)cccc4)c2)C=C1,312.17,9.70,,101.30,0.00,88.40,,0,,0,,,,
13051,,O=C([O-])c1cc2[nH]c(-c3nn(-c4ccccc4)nc3)nc2cc1,304.29,,,147.90,0.00,30.90,,1,,0,,,,
13052,,N(c1ncnc2c1cccc2)c1cc2OCOc2cc1,265.27,,,148.50,8.20,56.10,,2,,1,,,,
13053,,O=C(n1nc(N)c2c1cccc2)c1ccc(OC)cc1,267.29,,,127.50,0.00,70.40,,5,,0,,,,
13054,,Clc1c(-c2n(CC(=O)[O-])c3c(n2)cccc3)cccc1,285.71,,,147.60,10.40,31.10,,6,,1,,,,
13055,,Clc1cc(-c2nnn-3c2N=C([O-])c2c-3cccc2)ccc1,295.71,,,131.00,0.00,34.40,,2,,0,,,,
13056,,Cl[C@H](C(=O)NN1C(=O)c2c(n(-c3ccccc3)nc2)N=C1)C,317.73,,,124.50,4.90,27.80,,1,,0,,,,
13057,,O=C(N1c2c(cccc2)CC1)c1c(C)n(-c2nc([O-])cc(C)n2)nc1,334.36,,,143.30,1.10,42.90,,4,,2,,,,
13058,,O=C(N/N=C/1\C(=O)N(CC)c2c\1cccc2)c1cnccc1,294.31,,,122.60,0.60,15.60,,5,,2,,,,
13059,,O=C1N(CC)c2c(C1=NN=Cc1cn(C)nc1)cccc2,281.32,,,113.80,0.00,16.90,,3,,3,,,,
13060,,O=C1NC(N/N=C/c2cn(C(C)(C)C)nc2)=NC(C)=C1,274.33,,,119.30,3.50,13.80,,3,,2,,,,
13061,,O=C1N(CC)c2c(C1=NN=CC1=CC=CC3OCOC13)cccc2,323.35,,,117.70,0.60,22.70,,3,,2,,,,
13062,,Brc1oc(C(=O)Nc2[nH]c3c(n2)cccc3)c(C)c1,320.15,,,117.70,1.20,44.50,,3,,1,,,,
13063,,Fc1c(F)cc2nc(-c3cc(OC)c(OC)cc3)[nH]c2c1,290.27,,,75.90,0.00,59.00,,3,,0,,,,
13064,,Clc1cc2nc(n(C)c2cc1)-c1cc(OC)ccc1,272.73,,,101.60,0.00,58.40,,2,,0,,,,
13065,,Clc1cc2nc(n(C)c2cc1)-c1ccc(OCC#N)cc1,297.74,,,109.60,0.00,33.10,,1,,0,,,,
13066,,O(C)c1c(O)ccc(-c2n(C)c3c(n2)cc(C)cc3)c1,268.32,,,104.10,0.00,51.90,,3,,0,,,,
13067,,Fc1c(F)ccc(-c2n(C)c3c(n2)cc(C)cc3)c1,258.27,,,99.50,0.00,52.00,,3,,0,,,,
13068,,[N+H2](C1Nc2c(N1)cccc2)C1Nc2c(N1)cccc2,254.32,,,107.40,,34.90,,1,,,,,,
13069,,Clc1c(Cl)ccc(NC[N+H2]C2Nc3c(N2)cccc3)c1,310.20,,,111.20,,26.70,,1,,,,,,
13070,,[N+H2](CNc1ccccc1)C1Nc2c(N1)cccc2,241.32,,,103.20,,21.70,,4,,,,,,
13071,,Clc1cc(NC[N+H2]C2Nc3c(N2)cccc3)ccc1,275.76,,,100.70,,18.00,,2,,,,,,
13072,,Oc1cc(NC[N+H2]C2Nc3c(N2)cccc3)ccc1,257.32,,,97.00,,21.90,,3,,,,,,
13073,,O(C)c1cc(NC[N+H2]C2Nc3c(N2)cccc3)ccc1,271.34,,,93.10,,22.50,,,,,,,,
13074,,O=C(C)c1ccc(/N=C/2\c3c(-c4c\2cccc4)cccc3)cc1,297.36,,,,4.70,,,,,1,,,,
13075,,O(C)c1c(OC)ccc(Nc2ncnc3n(-c4cc(C)ccc4)ncc23)c1,361.41,,,,1.00,,,,,4,,,,
13076,,O(C)c1c(OC)ccc(N/C=C/2\C(=O)N(c3ccccc3)N=C\2C)c1,337.38,,,,3.70,,,,,3,,,,
13077,,C(C)c1nn2c(n1)-c1c(n(-c3cc(C)c(C)cc3)nc1)N=C2,292.35,,,,7.90,,,,,3,,,,
13078,,Clc1cc(NC(=O)c2n[nH]c(-c3c4c(ccc3)cccc4)c2)ccc1,347.80,,,,0.00,,,,,0,,,,
13079,,O=C(OC)CNc1c(-c2ccccc2)nc2n1C=CC=C2,281.32,,,,1.60,,,,,1,,,,
13080,,O=C(NCCc1nc[nH]c1)c1n(C)c2c(c1C)cc(CC)cc2,310.40,,,,6.80,,,,,3,,,,
13081,,Clc1ccc(N=Nc2c3c([nH]c2)cccc3)cc1,255.71,,,,19.90,,,,,2,,,,
13082,,O=C(N1c2c(cccc2)CC1)c1nn(C)c2-c3c(cc(OC)c(OC)c3)Cc12,375.43,,,,1.00,,,,,2,,,,
13083,,Fc1cc2c([nH]c3C(=O)N(Cc4cc(OC)cc(OC)c4)C=Nc23)cc1,353.35,,,,0.00,,,,,0,,,,
13084,,Clc1c(-c2oc(CNc3nn[n-]n3)cc2)cc(Cl)cc1,309.13,,,,0.00,,,,,1,,,,
13085,,Clc1c(F)ccc(NC(=O)c2n(C)c3N=C4N(C(=O)c3c2)C=CC=C4)c1,370.77,,,125.20,0.00,12.40,,1,,0,,,,
13086,,Clc1c(C(=O)N/N=C/c2c(O)c(O)ccc2)ccc(Cl)c1,325.15,,,109.80,0.00,25.50,,2,,0,,,,
13087,,Clc1c(Cl)ccc(-n2ncc3-c4n(nc(C)n4)C=Nc23)c1,319.15,,,103.00,0.00,70.90,,2,,0,,,,
13088,,Oc1ccc(/C=N/N(C)c2ccccc2)cc1,226.28,2.00,0.98,106.60,4.40,114.20,,1,,1,,,,
13089,,O=C(NCCc1nc[nH]c1)c1n(C)c2c(c1C)cc(CC)cc2,310.40,,,121.00,0.00,38.00,,2,,0,,,,
13090,,O(C)c1ccc(-c2c(C)c3n(C(NC(C)C)=CC(C)=N3)n2)cc1,310.40,,,96.20,1.00,75.60,,3,,1,,,,
13091,,Oc1c(Nc2nc(NCC)c3c(n2)cccc3)cccc1,280.33,,,107.20,0.00,66.70,,4,,0,,,,
13092,,O=C([O-])c1c(O)ccc(Nc2[nH]c3c(n2)cccc3)c1,268.25,,,108.00,7.50,18.10,,1,,2,,,,
13093,,O=C(N/N=C/c1c(O)c(O)ccc1)c1ccc(O)cc1,272.26,,,122.40,0.00,35.70,,1,,0,,,,
13094,,Clc1c(C(=O)N/N=C/c2c(O)c(O)c(O)cc2)ccc(Cl)c1,341.14,,,124.40,12.60,,,,,2,,,,
13095,,O=C(Nc1[nH]c2c(n1)cccc2)Cc1ccccc1,251.29,,,97.00,2.20,8.50,,6,,2,,,,
13096,,O=C(Nc1[nH]c2c(n1)cccc2)Cc1cc(C)c(C)cc1,279.34,,,81.00,0.00,6.70,,4,,0,,,,
13097,,O=C(Nc1[nH]c2c(n1)cccc2)Cc1c2c(ccc1)cccc2,301.35,,,101.20,0.00,31.60,,5,,0,,,,
13098,,Clc1ccc(CC(=O)Nc2[nH]c3c(n2)cccc3)cc1,285.73,,,114.80,5.40,9.50,,1,,1,,,,
13099,,Fc1ccc(CC(=O)Nc2[nH]c3c(n2)cccc3)cc1,269.28,,,97.60,0.00,5.80,,5,,0,,,,
13100,,Clc1cc(NC(=O)Nc2[nH]c3c(n2)cccc3)ccc1,286.72,,,113.10,0.00,36.70,,5,,0,,,,
13101,,Clc1c(Cl)ccc(NC(=O)Nc2[nH]c3c(n2)cccc3)c1,321.16,,,41.60,0.50,103.60,,2,,2,,,,
13102,,Fc1c(NC(=O)Nc2[nH]c3c(n2)cccc3)cccc1,270.27,,,94.40,0.00,20.80,,5,,2,,,,
13103,,Fc1c(NC(=O)Nc2[nH]c3c(n2)cccc3)cc(F)cc1,288.26,,,,6.00,,,,,2,,,,
13104,,N(c1[nH]c2c(n1)cccc2)c1ccc(N)cc1,224.27,,,,0.00,,,,,0,,,,
13105,,O=C(N)/C(/C#N)=C/Nc1c(C(=O)[O-])cccc1,230.20,,,109.50,0.00,,40.53,,5.37,,,,,
13106,,Brc1c(-c2nn3c(n2)-c2c(N=C3)cccc2)n[nH]c1,315.13,4.70,,82.50,0.00,,108.61,,8.92,,,,,
13107,,Clc1cnc2[nH]c(-c3ccc(OC)cc3)nc2c1,259.69,,,105.20,0.00,,16.33,,1.84,,,,,
13108,,Clc1ccc(N2C(=O)/C(=C\c3cc(O)ccc3)/C(C)=N2)cc1,312.75,,,101.80,0.00,,25.91,,1.60,,,,,
13109,,Oc1ccc(N=Nc2c(-c3ccccc3)non2)cc1,266.26,11.90,,68.90,10.70,,103.31,,3.02,3,,,,
13110,,O(C)c1c(/N=C/2\C(=O)N(C)c3c\2cccc3)ccc(OC)c1,296.33,,,103.80,0.00,,6.83,,5.13,,,,,
13111,,Clc1cnc2[nH]c(-c3c4c([nH]c3)cccc4)nc2c1,268.70,,,100.70,0.00,,65.84,,15.03,,,,,
13112,,O=C(Nc1c2c(ccc1)cccc2)Nc1cc(O)c(C(=O)[O-])cc1,321.31,,,84.10,0.00,,30.79,,6.09,,,,,
13113,,Clc1ccc(CCNc2[n+H]c3c([nH]2)cccc3)cc1,272.76,,,110.80,0.70,,1.32,,2.45,1,,,,
13114,,O(CCc1[nH]c2c(n1)cccc2)c1ccccc1,238.29,,,113.80,1.10,,4.77,,1.39,3,,,,
13115,,O=C(Nc1[nH]c2c(n1)cccc2)Cc1ccc(C)cc1,265.32,,,112.20,0.00,,1.86,,1.48,0,,,,
13116,,Brc1ccc(CC(=O)Nc2[nH]c3c(n2)cccc3)cc1,330.19,,,115.70,0.00,,0.12,,2.54,0,,,,
13117,,N(Cc1ccccc1)c1[nH]c2ncnc(N)c2n1,240.27,,,121.00,0.00,,-6.20,,3.34,0,,,,
13118,,S(Cc1ccccc1)c1[nH]c2ncnc(N)c2n1,257.32,,,116.00,0.00,,-5.93,,4.22,0,,,,
13119,,N(Cc1ccccc1)c1ncnc2[nH]cnc12,225.26,,,112.40,0.00,,-3.24,,4.09,0,,,,
13120,,C(=C/c1ccccc1)\c1[nH]c2c(n1)cccc2,220.28,,,97.50,0.00,,-9.44,,0.72,0,,,,
13121,,Cc1cc2nc(-c3[nH]c4c(n3)cc(C)cc4)[nH]c2cc1,262.32,,,104.00,0.40,,1.46,,1.67,2,,,,
13122,,FC(F)(F)c1ccc(NCc2[nH]c3c(n2)cccc3)cc1,291.28,,,107.50,0.00,,24.35,,2.20,0,,,,
13123,,FC(F)(F)c1ccc(NCc2[nH]c3c(n2)cccc3)cc1,291.28,,,98.90,19.00,,15.99,,0.26,2,,,,
13124,,c1(-c2[nH]c3c(n2)cccc3)[nH]c2c(n1)cccc2,234.26,,,119.10,1.90,,11.07,,3.33,2,,,,
13125,,N(c1[nH]c2c(n1)cccc2)c1nc(C)ccn1,225.26,,,118.60,,,0.21,,1.71,,,,,
13126,,C(=C/c1[nH]c2c(n1)cccc2)\c1[nH]c2c(n1)cccc2,260.30,,,99.80,,,44.20,,0.40,,,,,
13127,,c1(-c2c3c([nH]c2)cccc3)[nH]c2c(c1)cccc2,232.29,0.60,0.14,104.80,2.60,,109.86,,0.28,0,,,0,
13128,,N(=Nc1[nH]c2c(n1)cccc2)c1[nH]c2c(n1)cccc2,262.28,,,108.60,5.50,,21.03,,1.47,1,,,,
13129,,N(=Nc1ccccc1)c1n[nH]c2c1cccc2,222.25,,,110.00,11.10,,8.32,,2.78,1,,,,
13130,,N(Cc1[nH]c2c(n1)cccc2)c1ccccc1,223.28,,,107.40,-0.40,,11.89,,2.43,1,,,,
13131,,N(c1[nH]c2c(n1)cc(C)cc2)c1nc(C)cc(C)n1,253.31,,,92.50,1.50,,19.51,,1.54,0,,,,
13132,,Clc1nc(Nc2[nH]c3c(n2)cccc3)nc(C)c1,259.70,,,112.00,2.40,,24.31,,3.11,1,,,,
13133,,O=C(N/N=C/1\C(=O)Nc2c\1cccc2)Cc1ccccc1,279.30,4.20,4.18,101.00,-1.90,,71.97,,1.13,0,,,,
13134,,C(c1[nH]c2c(n1)cccc2)c1[nH]c2c(n1)cccc2,248.29,,,101.00,-0.90,,10.49,,2.08,1,,,,
13135,,Brc1c(O)ccc(-c2n(CC)c3c(n2)cccc3)c1,317.19,,,101.10,,,34.26,,0.94,,,,,
13136,,O(CCn1c(-c2ccc(O)cc2)nc2c1cccc2)C,268.32,,,93.00,,,3.97,,3.05,,,,,
13137,,O(C)c1c(OC)ccc(Nc2[nH]c3c(n2)cccc3)c1,269.30,,,97.40,-2.30,,6.87,,3.75,0,,,,
13138,,Brc1ccc(Nc2[nH]c3c(n2)cccc3)cc1,288.15,,,90.40,-8.80,,26.93,,2.74,0,,,,
13139,,O=C(OC)c1cc(Nc2[nH]c3c(n2)cccc3)ccc1,267.29,,,103.80,-5.80,,10.13,,3.07,0,,,,
13140,,Oc1cc(Nc2[nH]c3c(n2)cccc3)ccc1,225.25,,,81.90,78.60,,0.53,,0.54,2,,,,
13141,,Clc1ccc(Nc2[nH]c3c(n2)cccc3)cc1,243.69,,,90.20,-3.60,,28.06,,0.88,1,,,,
13142,,Oc1ccc(Nc2[nH]c3c(n2)cccc3)cc1,225.25,,,87.90,-1.50,,10.72,,3.32,1,,,,
13143,,Clc1cc(Nc2[nH]c3c(n2)cccc3)ccc1,243.69,3.20,,77.40,-6.20,,83.53,,1.61,0,,,,
13144,,Fc1cc(Nc2[nH]c3c(n2)cccc3)ccc1,227.24,,,108.90,-3.40,,37.42,,2.12,2,,,,
13145,,Clc1c(F)ccc(Nc2[nH]c3c(n2)cccc3)c1,261.68,1.70,2.45,97.40,-7.00,,101.76,,0.26,1,,,0,
13146,,O(C)c1ccc(Nc2[nH]c3c(n2)cccc3)cc1,239.28,,,107.30,1.70,,26.11,,1.62,1,,,,
13147,,N(c1[nH]c2c(n1)cccc2)c1ccccc1,209.25,,,109.90,-0.20,,33.71,,0.85,1,,,,
13148,,N(c1[nH]c2c(n1)cccc2)c1ccc(C)cc1,223.28,,,93.70,-2.30,,17.86,,2.04,1,,,,
13149,,O(C)c1cc(Nc2[nH]c3c(n2)cccc3)ccc1,239.28,,,,-2.60,,,,,1,,,,
13150,,Brc1c(O)ccc(-c2n(CC)c3c(n2)cccc3)c1,317.19,,,,,,63.05,,1.50,,,,,
13151,,O(CCn1c(-c2ccc(O)cc2)nc2c1cccc2)C,268.32,,,,,,41.77,,3.00,,,,,
13152,,Fc1c(F)cc2nc(-c3ccc(OC)cc3)[nH]c2c1,260.24,4.40,3.05,,,,89.13,,1.70,,,,,
13153,,Fc1c(F)cc2nc(-c3ccc(C(=O)[O-])cc3)[nH]c2c1,273.22,,,,,,46.00,,,,,,,
13154,,N(CCc1ccccc1)c1[nH]c2c(n1)cccc2,237.31,,,,,,68.03,,1.64,,,,,
13155,,O=C(N/N=C/c1cc(OC)c(O)c(OC)c1)c1oc2c(c3c(cc2)cccc3)c1,390.40,,,,,,68.76,,1.72,,,,,
13156,,Brc1cc(/C=N/NC(=O)c2c(O)cc3c(c2)cccc3)c(O)cc1,385.22,,,,,,2.22,,1.01,,,,,
13157,,Clc1c(Nc2[nH]c3c(n2)cccc3)cccc1,243.69,,,,,,103.30,,0.87,,,,,
13158,,O=C(Nc1ccc(-n2c3c(nc2)cccc3)cc1)c1c(C)cco1,317.35,4.10,,,,,67.37,,0.93,,,,,
13159,,Clc1cc2nc(Nc3ccccc3)[nH]c2cc1,243.69,,,,,,44.76,,2.04,,,,,
13160,,N(c1[nH]c2c(n1)cccc2)c1ccc(N)cc1,224.27,,,,,,34.02,,1.62,,,,,
13161,,N(c1[nH]c2c(n1)cccc2)c1c(N)cccc1,224.27,,,,,,30.03,,2.61,,,,,
13162,,Clc1c(-c2oc(CNc3[nH]ncn3)cc2)cc(Cl)cc1,309.15,,,,,,50.29,,3.60,,,,,
13163,,c1(C2Nc3c(cccc3)C2)c2c([nH]c1)cccc2,234.30,0.30,0.30,,,,,,,,,,,
13163,,c1(C2Nc3c(cccc3)C2)c2c([nH]c1)cccc2,234.30,0.30,0.30,,,,,,,,,,0,
13163,,c1(C2Nc3c(cccc3)C2)c2c([nH]c1)cccc2,234.30,0.30,0.30,,,,,,,,,,0,
13164,,CN1C(c2c3c([nH]c2)cccc3)Cc2c1cccc2,248.33,0.50,0.43,,,,,,,,,,0,
13165,,C(c1c(C)c2c([nH]1)cccc2)(c1c(C)c2c([nH]1)cccc2)c1c(C)c2c([nH]1)cccc2,403.53,,,,,,-18.30,,1.86,,,,,
13166,,Cn1c(-c2c3c(n(C)c2)cccc3)cc2c1cccc2,260.34,1.70,2.12,,,,,,,,,,0,
13167,,O/N=C\1/C(c2c3c([nH]c2)cccc3)=Nc2c/1cccc2,261.28,1.90,1.25,,,,,,,,,,0,
13168,,C(Cc1c2c([nH]c1)cccc2)c1c(C)[nH]c2c1cccc2,274.37,,,,,,-10.40,,5.50,,,,,
13169,,Cc1c(-c2ccccc2)c2c([nH]1)cccc2,207.28,,,,,,31.09,,2.51,,,,,
13170,,C(c1c(C)[nH]c2c1cccc2)(c1c(C)[nH]c2c1cccc2)c1ccccc1,350.47,,,,,,40.29,,4.05,,,,,
13171,,Cc1c(C2=CC(c3c(C)[nH]c4c3cccc4)CCC2)c2c([nH]1)cccc2,340.47,,,,,,21.73,,2.56,,,,,
13172,,c1(-c2c3c([nH]c2)cccc3)c2c([nH]c1)cccc2,232.29,8.00,,,,,,,,,,,,
13173,,Nc1ccc(C(c2c(C)[nH]c3c2cccc3)c2c(C)[nH]c3c2cccc3)cc1,365.48,,,,,,-20.63,,3.79,,,,,
13174,,O=C(Nc1cc2ncn(-c3ccccc3)c2cc1)c1occc1,303.32,,,,,,-27.12,,3.18,,,,,
13175,,O(C)c1ccc(/C=N/Nc2ccccc2)cc1,226.28,,,,,,-16.08,,2.83,,,,,
13176,,Clc1c(C)ccc(Nc2[nH]c3c(n2)cccc3)c1,257.72,,,,,,36.30,,1.75,,,,,
13177,,N(c1[nH]c2c(n1)cccc2)c1cc2c(cc1)cccc2,259.31,,,,,,16.69,,5.04,,,,,
13178,,N(c1[nH]c2c(n1)cccc2)c1ccc(C(C)C)cc1,251.33,,,,,,9.14,,4.63,,,,,
13179,,Clc1ccc(Nc2[nH]c3c(n2)cc(C)cc3)cc1,257.72,,,,,,13.24,,7.25,,,,,
13180,,N(c1[nH]c2c(n1)cccc2)c1ccc(CC)cc1,237.31,,,,,,10.24,,3.69,,,,,
13181,,N(c1[nH]c2c(n1)cccc2)c1cc(C)c(C)cc1,237.31,,,,,,22.47,,3.79,,,,,
13182,,Clc1cc(Nc2[nH]c3c(n2)cc(C)cc3)ccc1,257.72,,,,,,21.74,,4.89,,,,,
13183,,Fc1ccc(Nc2[nH]c3c(n2)cccc3)cc1,227.24,,,,,,17.92,,1.60,,,,,
13184,,N(c1[nH]c2c(n1)cccc2)c1cc(C)cc(C)c1,237.31,,,,,,28.77,,5.76,,,,,
13185,,N(c1[nH]c2c(n1)cccc2)c1cc(C)ccc1,223.28,,,,,,25.73,,3.43,,,,,
13186,,Clc1c(Cl)ccc(Nc2[nH]c3c(n2)cccc3)c1,278.14,5.00,,,,,81.96,,2.68,,,,,
13187,,Fc1cc2sc(-n3nc(C)c4c3cccc4)nc2cc1,283.32,,,,,,31.46,,2.68,,,,,
13188,,Clc1cc2sc(N3N=CC4C3CCCC4)nc2cc1,291.80,,,,,,22.00,,4.89,,,,,
13189,,Fc1cc2sc(N3N=CC4C3CCCC4)nc2cc1,275.35,,,,,,38.32,,2.11,,,,,
13190,,O(C)c1ccc(/C=N/N(C)c2ccccc2)cc1,240.31,,,,,,45.26,,3.24,,,,,
13191,,O(C)c1c(O)cc(/C=N/N(C)c2ccccc2)cc1,256.31,,,,,,36.46,,4.69,,,,,
13192,,O(C)c1c(O)ccc(/C=N/N(C)c2ccccc2)c1,256.31,,,,,,61.33,,2.78,,,,,
13193,,O(C)c1c(OC)ccc(/C=N/N(C)c2ccccc2)c1,270.33,,,,,,68.10,,2.24,,,,,
13194,,O(C)c1cc(/C=N/N(C)c2ccccc2)ccc1,240.31,,,,,,64.17,,2.26,,,,,
13195,,O(C)c1c(OC)cc(/C=N/N(C)c2ccccc2)cc1OC,300.36,,,,,,7.45,,5.64,,,,,
13196,,Oc1ccc(/C=N/Nc2ccccc2)cc1,212.25,,,,,,14.69,,0.87,,,,,
13197,,O(C)c1c(/C=N/N(C)c2ccccc2)ccc(OC)c1,270.33,,,,,,21.01,,1.28,,,,,
13198,,N(\N(C)c1ccccc1)=C/c1ccccc1,210.28,3.40,4.22,,,,75.72,,0.61,,,,,
13199,,Oc1cc(/C=N/N(C)c2ccccc2)ccc1,226.28,,,,,,-50.47,,0.34,,,,,
13200,,Oc1ccc(/C=N/Nc2cc(C)ccc2)cc1,226.28,,,,,,13.96,,7.70,,,,,
13201,,C(Cc1ccncc1)n1c2c(nc1)cccc2,223.28,,,,,,17.41,,0.41,,,,,
13202,,C(Cc1ccncc1)c1c2c(n(C)c1)cccc2,236.32,2.50,3.33,,,,72.99,,0.78,,,,,
13203,,Cc1c(C2Nc3c(cccc3)C2)c2c([nH]1)cccc2,248.33,,,,,,24.12,,0.80,,,,,
13204,,Cn1c2c(c(C3N(C)c4c(cccc4)C3)c1)cccc2,262.36,,,,,,53.99,,1.34,,,,,
13205,,C(\c1c2c([nH]c1)cccc2)=C\1/c2c(cccc2)C=C/1,243.31,,,,,,7.91,,3.00,,,,,
13206,,O=Nn1c(-c2c3c(n(N=O)c2)cccc3)cc2c1cccc2,290.28,1.80,2.34,,,,72.03,,3.32,,,,,
13207,,Clc1c(C(=O)c2c(C)[nH]c3c2cccc3)ccc(Cl)c1,304.17,,,,,,45.44,,3.91,,,,,
13208,,Brc1c(Cl)cc(/N=C/c2c3c([nH]c2)cccc3)cc1,333.61,,,,,,26.36,,2.10,,,,,
13209,,O(C)c1cc(N=Nc2c3c(n(C)c2)cccc3)ccc1,265.32,,,,,,25.89,,2.46,,,,,
13210,,O=C1/C(=C/2\C(=O)c3c(S\2)cccc3)/c2c(N1)cccc2,279.31,,,,,,16.48,,0.93,,,,,
13211,,Cn1c2c(c(-c3[nH]c4c(n3)cccc4)c1)cccc2,247.30,,,,,,35.83,,1.80,,,,,
13212,,O=C1C2C=NN(c3[nH]c4c(n3)cccc4)C2C[C@@H](C)C1,268.32,,,,,,22.09,,2.93,,,,,
13213,,O=C1c2c(C)nn(-c3[nH]c4c(n3)cccc4)c2C[C@H](C)C1,280.33,,,,,,7.56,,2.03,,,,,
13214,,O=C1N(c2[nH]c3c(n2)cccc3)c2c(N1)cccc2,250.26,2.20,,,,,77.49,,0.21,,,,0,
13215,,Clc1c(Cl)ccc(N/N=C\2/c3c(cccc3)CC/2)c1,291.18,2.00,,,,,84.73,,0.75,,,,0,
13216,,CC=1c2n(cc(-c3c4c([nH]c3)cccc4)n2)C=CC=1,247.30,2.80,2.33,,,,94.68,,0.36,,,,,
13217,,c1(C2=CNC3C2C=CC=C3)nc2n(c1)C=CC=C2,235.29,,,,,,68.59,,1.28,,,,,
13218,,Fc1ccc(/N=C/c2sc(O)c3c2cccc3)cc1,271.31,,,,,,41.88,,0.63,,,,,
13219,,O=C1N2N=C(N3c4c(cccc4)CC3)SC2=NC(C)=C1,284.34,,,,,,33.13,,1.94,,,,,
13220,,N1(c2oc3c(n2)cccc3)c2c(cccc2)CC1,236.27,2.00,0.87,,,,101.04,,0.81,,,,,
13221,,c1(-c2c3c([nH]c2)cccc3)[nH]c2c(n1)cccc2,233.27,,,,,,16.83,,1.32,,,,,
13222,,S(Cc1c(C)cccc1)c1c(C)[nH]c2c1cccc2,267.39,1.00,0.74,,,,101.05,,0.41,,,,0,
13223,,S(Cc1ccc(C)cc1)c1c(C)[nH]c2c1cccc2,267.39,,,,,,56.92,,1.18,,,,,
13224,,S(Cc1c(F)cccc1)c1c(C)[nH]c2c1cccc2,271.35,5.00,,,,,72.87,,1.26,,,,,
13225,,N(=Nc1c2c([nH]c1)cccc2)c1c(C)cc(C)cc1,249.32,0.70,0.90,,,,102.47,,0.21,,,,0,
13226,,Clc1cc(N=Nc2c3c([nH]c2)cccc3)ccc1,255.71,0.10,0.13,,,,95.11,,1.05,,,,1,
13227,,Cc1c(-c2[nH]c3c(n2)cccc3)c2c([nH]1)cccc2,247.30,,,,,,-3.44,,2.82,,,,,
13228,,c1(-c2c3c([nH]c2)cccc3)nc2SC=Cn2c1,239.30,,,,,,39.47,,2.55,,,,,
13229,,O=C1/C(=C\2/C(=O)Nc3c/2cccc3)/SC=2N1CCCN=2,285.32,,,,,,6.28,,2.36,,,,,
13230,,CC1=C(C)n2c(S1)nc(-c1c3c([nH]c1)cccc3)c2,267.35,,,,,,18.81,,3.33,,,,,
13231,,Fc1c(F)cc2nc(-c3cc(OC)ccc3)[nH]c2c1,260.24,,,,,,43.02,,6.88,,,,,
13232,,Clc1c(OCCCn2c3c(c(C#N)c2)cccc3)cccc1,310.78,,,,,,71.94,,7.08,,,,,
13233,,O=C1/C(=C\2/Cc3c(cccc3)C/2)/c2c(cccc2)C1,246.31,,,,,,-4.00,,0.73,,,,,
13234,,Cc1nc2c(c(-c3[nH]c4c(n3)cccc4)c1)cccc2,259.31,,,,,,2.49,,2.00,,,,,
13235,,C(=C/c1ccccc1)\c1c2c([nH]c1)cccc2,219.29,2.20,1.01,,,,112.58,,0.10,,,,0,
13236,,N(c1sc2c(n1)-c1c(cccc1)C2)c1ccccc1,264.35,,,,,,46.28,,0.26,,,,,
13237,,[C@H]1(c2c3c(ccc2)cccc3)Oc2c(N1)cccc2,247.30,,,,,,-25.74,,1.58,,,,,
13238,,Clc1cc2N[C@@H](c3c4c(ccc3)cccc4)Oc2cc1,281.74,,,,,,-16.20,,1.46,,,,,
13239,,N1(c2ccccc2)N=C2[C@H](C1)CCc1c2cccc1,248.33,1.90,1.82,,,,93.97,,0.72,,,,,
13240,,O(C)c1ccc(/C=N/N(c2ccccc2)c2ccccc2)cc1,302.38,,,,,,-3.54,,1.12,,,,,
13241,,Oc1cc(/C=N/N(c2ccccc2)c2ccccc2)ccc1,288.35,,,,,,9.66,,2.53,,,,,
13242,,O(CC)c1ccc(/C=N/N(c2ccccc2)c2ccccc2)cc1,316.40,,,,,,1.96,,1.48,,,,,
13243,,S=C(N1CCOCC1)c1c2c([nH]c1)cccc2,246.33,3.90,,,,,87.13,,0.72,,,,,
13244,,S=C(N1CCCC1)c1c2c([nH]c1)cccc2,230.33,,,,,,58.50,,1.73,,,,,
13245,,S=C(N1CCCCC1)c1c2c([nH]c1)cccc2,244.36,1.70,1.69,,,,108.06,,0.59,,,,,
13246,,O=C(N(Cc1oc(C)cc1)C)c1c2c([nH]c1)cccc2,268.32,,,,,,27.86,,1.72,,,,,
13247,,Fc1cc(NC(=O)c2n[nH]c3c2cccc3)c(C)cc1,269.28,0.90,0.43,,,,118.93,,0.37,,,,0,
13250,,C(=C\c1c2c([nH]c1)cccc2)(\c1ccccc1)/c1ccccc1,295.39,4.70,,,,,,,,,,,,
13254,,Clc1ccc(N=Nc2c3c([nH]c2)cccc3)cc1,255.71,1.20,,,,,,,,,,,,
13255,,Clc1c(N=Nc2c3c([nH]c2)cccc3)cccc1,255.71,0.50,0.46,,,,,,,,,,0,
13256,,N(=Nc1ccccc1)c1c2c([nH]c1)cccc2,221.26,0.40,0.13,,,,,,,,,,0,
13257,,N(=Nc1ccc(C)cc1)c1c2c([nH]c1)cccc2,235.29,4.20,,,,,,,,,,,,
13258,,N(=Nc1c2c([nH]c1)cccc2)c1c(-c2ccccc2)cccc1,297.36,6.80,,,,,,,,,,,,
13259,,FC(F)(F)c1c(N=Nc2c3c([nH]c2)cccc3)cccc1,289.26,0.30,0.25,,,,,,,,,,0,
13260,,Cc1c2c(N(c3oc4c(n3)cccc4)CC2)ccc1,250.30,2.70,,,,,84.14,,0.92,,,,,
13261,,C[C@H]1N(c2oc3c(n2)cccc3)c2c(cccc2)C1,250.30,2.10,,,,,80.22,,1.57,,,,,
13262,,C(=C/c1cc[n+](CC)cc1)\c1c2c([nH]c1)cccc2,249.34,,,,,,46.94,,2.09,,,,,
13263,,O=C(N1CCCC1)c1c(C)[nH]c2c1cccc2,228.30,,,,,,12.53,,0.99,,,,,
13264,,S([C@H](C(=O)c1c(C)[nH]c2c1cccc2)C)c1ncnc2sccc12,353.46,,,,,,45.64,,1.54,,,,,
13265,,O=C(N(Cc1occc1)C)c1c(C)[nH]c2c1cccc2,268.32,,,,,,7.53,,1.60,,,,,
13266,,O=C(N(Cc1c(OC)cc(OC)cc1)C)c1c2c([nH]c1)cccc2,324.38,,,,,,28.20,,2.62,,,,,
13267,,O=C(N(C)C)c1c2c([nH]c1)cccc2,188.23,,,,,,17.53,,1.86,,,,,
13268,,O=C(N(Cc1cc2OCCOc2cc1)C)c1c2c([nH]c1)cccc2,322.36,,,,,,19.31,,1.80,,,,,
13269,,O=C(N1CCN(c2sccc2)CC1)c1c(C)[nH]c2c1cccc2,325.43,,,,,,14.85,,4.22,,,,,
13270,,S([C@@H](C(=O)c1c2c([nH]c1)cccc2)c1ccccc1)c1sc(C)nn1,365.47,,,,,,10.84,,,,,,,
13271,,Fc1c(CN(C(=O)c2c3c([nH]c2)cccc3)C)cccc1,282.32,,,,,,35.44,,2.31,,,,,
13272,,Fc1cc(CN(C(=O)c2c3c([nH]c2)cccc3)C)ccc1,282.32,,,,,,25.93,,0.89,,,,,
13273,,O=C(N1CCCCC1)c1c(C)[nH]c2c1cccc2,242.32,,,,,,-5.61,,1.20,,,,,
13274,,Sc1n(CCOc2c(F)cccc2)c2c(n1)cccc2,288.34,3.30,2.78,,,,92.80,,0.47,,,,,
13275,,S=C1N(c2c(C)cc(C)cc2)c2c(N1)cccc2,254.35,,,,,,50.98,,1.63,,,,,
13276,,S=C1N(Cc2ccccc2)c2c(N1)cc(C(F)(F)F)cc2,308.32,0.70,0.50,,,,110.98,,0.29,,,,0,
13277,,Clc1cc2NC(=S)N(C3CCCCC3)c2cc1,266.79,,,,,,47.77,,0.98,,,,,
13278,,Clc1cc2NC(=S)N(Cc3ccccc3)c2cc1,274.77,1.60,1.55,,,,97.28,,1.22,,,,0,
13279,,Fc1ccc(C[C@H]2OCC[N+H](Cc3c4c([nH]c3)cccc4)C2)cc1,325.41,,,,,,50.95,,2.55,,,,,
13280,,Sc1n(CCOc2ccccc2)c2c(n1)cccc2,270.35,1.50,1.44,,,,93.26,,1.26,,,,,
13281,,Sc1n(CCOc2c(C(C)C)cc(C)cc2)c2c(n1)cccc2,326.46,2.10,2.34,,,,86.60,,0.87,,,,,
13282,,Sc1n(C2CCCCC2)c2c(n1)cccc2,232.35,,,,,,38.80,,1.64,,,,,
13283,,S=C1N(CCC(C)C)c2c(N1)cccc2,220.33,,,,,,69.73,,2.64,,,,,
13284,,S=C1N(Cc2cc3c(cc2)cccc3)c2c(N1)cccc2,290.38,1.10,1.49,,,,105.99,,0.70,,,,0,
13285,,S=C1N(Cc2ccc(C)cc2)c2c(N1)cccc2,254.35,,,,,,64.57,,2.25,,,,,
13286,,S=C1N(Cc2ccc(F)cc2)c2c(N1)cccc2,258.31,2.30,1.84,,,,80.51,,2.00,,,,,
13287,,S=C1N(Cc2c3c(ccc2)cccc3)c2c(N1)cccc2,290.38,0.80,1.08,,,,105.91,,0.30,,,,0,
13288,,S=C1N(CCOc2cc(C)ccc2)c2c(N1)cccc2,284.38,1.90,1.64,,,,89.70,,1.33,,,,,
13289,,Clc1ccc(CN2C(=S)Nc3c2cccc3)cc1,274.77,0.90,1.03,,,,102.14,,1.21,,,,0,
13290,,S=C1N(Cc2ccc(OC)cc2)c2c(N1)cccc2,270.35,,,,,,53.09,,0.13,,,,,
13291,,S=C1N(Cc2ccccc2)c2c(N1)cccc2,240.32,,,,,,64.54,,2.09,,,,,
13292,,S=C1N(Cc2c(C)cccc2)c2c(N1)cccc2,254.35,1.20,1.91,,,,93.55,,0.37,,,,0,
13293,,Clc1c(CN2C(=S)Nc3c2cc(C)c(C)c3)cccc1,302.82,0.10,0.14,,,,121.11,,0.20,,,,0,
13294,,Clc1c(CN2C(=S)Nc3c2cccc3)ccc(Cl)c1,309.21,0.60,2.13,,,,109.77,,0.54,,,,0,
13295,,Clc1cc2NC(=S)N(Cc3ccccc3)c2cc1,274.77,1.90,1.25,,,,89.23,,0.70,,,,0,
13296,,S=C1N(CCc2ccccc2)c2c(N1)cccc2,254.35,,,,,,65.83,,0.37,,,,,
13297,,S=C1N(c2ccccc2)c2c(N1)cccc2,226.30,,,,,,44.17,,1.96,,,,,
13298,,S(=O)(=O)(N1C(=S)Nc2c1cccc2)c1ccc(C)cc1,304.38,1.60,1.38,,,,95.43,,0.23,,,,,
13299,,N(=C/c1c2c([nH]c1)cccc2)\c1ccc(C)cc1,234.30,8.20,,,,,,,,,,,,
13300,,O(C)c1ccc(/N=C/c2c3c([nH]c2)cccc3)cc1,250.30,9.30,6.76,,,,,,,,,,,
13303,,FC(F)(F)c1cc(/N=C/c2c3c([nH]c2)cccc3)ccc1,288.27,4.50,,,,,,,,,,,,
13304,,Clc1cc(Cl)cc(/N=C/c2c3c([nH]c2)cccc3)c1,289.16,7.30,4.54,,,,,,,,,,,
13308,,N(=C/c1c2c([nH]c1)cccc2)\c1cc2c(cc1)cccc2,270.34,3.60,,,,,,,,,,,,
13309,,Brc1c(/N=C/c2c3c([nH]c2)cccc3)ccc(Br)c1,378.07,27.20,,,,,,,,,,,,
13310,,N(=C/c1c2c([nH]c1)cccc2)\c1cc(C)c(C)cc1,248.33,10.30,,,,,,,,,,,,
13312,,Clc1ccc(/N=C/c2c3c([nH]c2)cccc3)cc1,254.72,200.00,,,,,,,,,,,,
13315,,O=C(N1CCOCC1)c1c(C)[nH]c2c1cccc2,244.29,,,,,,10.95,,2.29,,,,,
13316,,O=C(N1CCN(C(=O)C2CC2)CC1)c1c(C)[nH]c2c1cccc2,311.39,,,,,,7.65,,0.83,,,,,
13317,,O=C(N(Cc1cc(C#N)ccc1)C)c1c(C)[nH]c2c1cccc2,303.37,,,,,,21.32,,2.19,,,,,
13318,,N(=C/c1c2c([nH]c1)cccc2)\c1ccccc1,220.28,,,,,,19.28,,1.27,,,,,
13319,,N(=C/c1c2c([nH]c1)cccc2)\c1ccc(C(C)C)cc1,262.36,,,,,,17.40,,1.97,,,,,
13320,,O(C)c1cc(/N=C/c2c3c([nH]c2)cccc3)ccc1,250.30,,,,,,14.66,,0.67,,,,,
13321,,Clc1c(Cl)ccc(/N=C/c2c3c([nH]c2)cccc3)c1,289.16,,,,,,24.86,,1.12,,,,,
13322,,Brc1ccc(/N=C/c2c3c([nH]c2)cccc3)cc1,299.17,,,,,,14.03,,1.22,,,,,
13323,,O=C(N(C)c1ccc(/N=C/c2c3c([nH]c2)cccc3)cc1)C,291.35,,,,,,22.88,,1.51,,,,,
13324,,N(=C/c1c(C)[nH]c2c1cccc2)\c1cc(C)cc(C)c1,262.36,,,,,,19.26,,2.15,,,,,
13325,,N(=C/c1c2c([nH]c1)cccc2)\c1c(C)ccc(C)c1,248.33,,,,,,18.80,,3.64,,,,,
13326,,N(=C/c1c2c([nH]c1)cccc2)\c1ccc(N(CC)CC)cc1,291.40,,,,,,15.67,,2.76,,,,,
13327,,N(=C/c1c2c([nH]c1)cccc2)\c1c(C)cc(C)cc1,248.33,,,,,,15.98,,1.73,,,,,
13328,,Ic1ccc(/N=C/c2c3c([nH]c2)cccc3)cc1,346.17,,,,,,14.22,,2.35,,,,,
13329,,N(=C/c1c2c([nH]c1)cccc2)\c1cc(C)cc(C)c1,248.33,,,,,,13.50,,2.19,,,,,
13330,,Clc1c(/N=C/c2c3c([nH]c2)cccc3)cccc1,254.72,,,,,,20.71,,2.78,,,,,
13331,,Oc1ccc(/N=C/c2c3c([nH]c2)cccc3)cc1,236.27,,,,,,17.63,,2.75,,,,,
13332,,Ic1c(C)ccc(/N=C/c2c3c([nH]c2)cccc3)c1,360.20,,,,,,27.30,,3.59,,,,,
13333,,Fc1c(C)ccc(/N=C/c2c3c([nH]c2)cccc3)c1,252.29,,,,,,23.34,,2.43,,,,,
13334,,Oc1cc(/N=C/c2c3c([nH]c2)cccc3)ccc1,236.27,,,,,,8.44,,1.91,,,,,
13335,,N#Cc1cc(/N=C/c2c3c([nH]c2)cccc3)ccc1,245.29,,,,,,15.39,,2.14,,,,,
13336,,O=C(N)c1ccc(/N=C/c2c3c([nH]c2)cccc3)cc1,263.30,,,,,,17.60,,3.36,,,,,
13337,,Oc1c(/N=C/c2c3c([nH]c2)cccc3)ccc(C)c1,250.30,,,,,,20.55,,3.83,,,,,
13338,,N(=C/c1c2c([nH]c1)cccc2)\c1ccc(Nc2ccccc2)cc1,311.39,,,,,,18.47,,2.17,,,,,
13339,,O=C(Nc1ccc(NC(=O)c2c3c([nH]c2)cccc3)cc1)C,293.33,,,,,,11.66,,2.80,,,,,
13340,,O=C(Nc1ccc(C(=O)N)cc1)c1c2c([nH]c1)cccc2,279.30,,,,,,9.89,,0.79,,,,,
13341,,O=C(Nc1c2c(nccc2)ccc1)c1c2c([nH]c1)cccc2,287.32,,,,,,18.29,,1.26,,,,,
13342,,N(=C/c1c2c([nH]c1)cccc2)\N1CCOCC1,229.28,,,,,,42.19,,1.63,,,,,
13343,,N(=C/c1c2c([nH]c1)cccc2)\c1c(C)cccc1,234.30,,,,,,15.55,,1.97,,,,,
13344,,O=C(N(C)c1ccccc1)c1c2c([nH]c1)cccc2,250.30,15.30,,,,,50.00,,1.88,,,,,
13345,,Clc1c(/N=C/c2c3c([nH]c2)cccc3)c(Cl)ccc1,289.16,13.90,,,,,88.57,,1.60,,,,,
13346,,Clc1ccc(C(=O)Nc2c3c([nH]c2)cccc3)cc1,270.72,,,,,,22.72,,2.90,,,,,
13347,,O=C(Nc1cc2c([nH]cc2)cc1)c1c2c([nH]c1)cccc2,275.31,,,,,,98.08,,1.27,,,,,
13348,,Clc1c(Oc2cc3c(cc2)cccc3)cc2NC(=S)Nc2c1,326.80,18.10,,,,,98.90,,0.96,,,,,
13349,,N(=C/c1c2c([nH]c1)cccc2)\c1ccc(N(C)C)cc1,263.34,500.00,,,,,,,,,,,,
13350,,Clc1c(CN2C(=O)Nc3c2cccc3)ccc(Cl)c1,293.15,1.00,0.63,,,,109.07,,1.01,,,,0,
13351,,Clc1c(CN2C(=O)Nc3c2cccc3)cccc1,258.71,1.70,,,,,93.95,,1.56,,,,0,
13352,,O=C1N(Cc2ccc(C)cc2)c2c(N1)cccc2,238.29,,,,,,47.84,,1.49,,,,,
13353,,O=C1N(Cc2ccccc2)c2c(N1)cccc2,224.26,,,,,,62.60,,2.60,,,,,
13354,,O=C1N(CCC2CCCCC2)c2c(N1)cccc2,244.34,10.80,1.60,,,,80.53,,1.75,,,,,
13355,,O=C1N(Cc2c(C)cccc2)c2c(N1)cccc2,238.29,0.80,0.55,,,,94.55,,3.05,,,,0,
13356,,Fc1ccc(CN2C(=O)Nc3c2cccc3)cc1,242.25,2.80,,,,,73.88,,2.22,,,,,
13357,,N(=C/c1c2c([nH]c1)cccc2)\c1cc(C)cc(C)c1,248.33,,,,,,7.60,,3.60,,,,,
13358,,Clc1c(C[C@H]2C(=O)Nc3c(C)cccc23)cccc1,271.74,,,,,,-25.40,,1.54,,,,,
13359,,O=C1N([C@@H](C)c2ccccc2)c2c(N1)cccc2,238.29,,,,,,2.80,,0.98,,,,,
13360,,Clc1c(C[C@H]2C(=O)Nc3c(CC)cccc23)cccc1,285.77,,,,,,-18.87,,0.97,,,,,
13361,,S=C1N(CCc2ccccc2)c2c(N1)cc(C(F)(F)F)cc2,322.35,,,,,,59.53,,0.57,,,,,
13362,,S(=O)(=O)(N1C(=S)Nc2c1ccc(C)c2)c1ccc(C)cc1,318.41,,,,,,-9.46,,1.39,,,,,
13363,,Fc1ccc(CN2C(=O)Nc3c2cccc3)cc1,242.25,,,,,,75.68,,,,,,,
13364,,O=C(Nc1ccc(O)cc1)c1c2c([nH]c1)cccc2,252.27,,,,,,5.31,,,,,,,
13365,,O=C(Nc1ccc(C#N)cc1)c1c2c([nH]c1)cccc2,261.28,,,,,,8.32,,,,,,,
13366,,O=C(Nc1ccc(N(C)C)cc1)c1c2c([nH]c1)cccc2,279.34,,,,,,4.63,,,,,,,
13367,,O=C(Nc1c(N)cccc1)c1c2c([nH]c1)cccc2,251.29,,,,,,6.97,,,,,,,
13368,,O=C(Nc1c(C)cccc1C)c1c2c([nH]c1)cccc2,264.33,,,,,,3.91,,,,,,,
13369,,O=C(Nc1ccc(N)cc1)c1c2c([nH]c1)cccc2,251.29,,,,,,3.41,,,,,,,
13370,,O=C(Nc1cc(C(=O)N)ccc1)c1c2c([nH]c1)cccc2,279.30,,,,,,-6.57,,,,,,,
13371,,O=C(Nc1c(C(=O)N)cccc1)c1c2c([nH]c1)cccc2,279.30,,,,,,19.16,,,,,,,
13372,,O=C(Nc1ccc(C(=O)C)cc1)c1c2c([nH]c1)cccc2,278.31,,,,,,12.22,,,,,,,
13373,,O=C(Nc1cc(C(C)C)ccc1)c1c2c([nH]c1)cccc2,278.36,,,,,,10.62,,,,,,,
13374,,O=C(Nc1c(C#N)cccc1)c1c2c([nH]c1)cccc2,261.28,,,,,,24.12,,,,,,,
13375,,N(=Nc1ccccc1)c1ccc(/N=C/c2c3c([nH]c2)cccc3)cc1,324.39,,,,,,17.99,,,,,,,
13376,,S=C1N(/N=C/c2ccccc2)c2c(N1)cccc2,253.32,,,,,,45.88,,,,,,,
13378,,O=C(Nc1ccc(CCO)cc1)c1c2c([nH]c1)cccc2,280.33,,,,,,-16.55,,,,,,,
13379,,O=C(Nc1ccccc1)c1c2c([nH]c1)cc(N)cc2,251.29,,,,,,-20.10,,,,,,,
13380,,O=C(Nc1c(C)cc(C)cc1)c1c2c([nH]c1)cccc2,264.33,,,,,,-22.02,,,,,,,
13381,,O=C(N(C)c1cc(C)ccc1)c1c2c([nH]c1)cccc2,264.33,,,,,,-7.68,,,,,,,
13382,,O=C(Nc1ccc(C)cc1)c1c2c([nH]c1)ccc(N)c2,265.32,,,,,,-24.39,,,,,,,
13383,,O=C(Nc1cc(C)ccc1)c1c2c([nH]c1)ccc(N)c2,265.32,,,,,,-22.82,,,,,,,
13384,,O=C(Nc1cc(C)c(C)cc1)c1c2c([nH]c1)ccc(N)c2,279.34,,,,,,-26.45,,,,,,,
13385,,O=C(Nc1c(C)cc(C)cc1C)c1c2c([nH]c1)cccc2,278.36,,,,,,-35.29,,,,,,,
13386,,O=C(Nc1cc(C)ccc1)c1c2c([nH]c1)cc(N)cc2,265.32,,,,,,-23.32,,,,,,,
13387,,O=C(Nc1ccc(C)cc1)c1c2c([nH]c1)cc(N)cc2,265.32,,,,,,-24.79,,,,,,,
13388,,O=C(N(C)c1cc(C)cc(C)c1)c1c2c([nH]c1)cccc2,278.36,,,,,,-18.32,,,,,,,
13389,,O=C(Nc1ccc(C(C)C)cc1)c1c2c([nH]c1)cccc2,278.36,,,,,,-27.40,,,,,,,
13390,,O=C(Nc1ccc(CC#N)cc1)c1c2c([nH]c1)cccc2,275.31,,,,,,-27.74,,,,,,,
13391,,Fc1ccc(/N=C/c2c3c([nH]c2)cccc3)cc1,238.27,40.00,,,,,23.19,,,,,,,
13392,,O(c1ccc(/N=C/c2c3c([nH]c2)cccc3)cc1)c1ccccc1,312.37,10.00,,,,,35.24,,,,,,,
13393,,O=C(Nc1c(C)cccc1)c1c2c([nH]c1)ccc(N)c2,265.32,,,,,,33.04,,,,,,,
13397,,N(=C/c1c2c([nH]c1)cccc2)\N1CCCCC1,227.31,1.80,,,,,73.87,,26.12,,,,,
13398,,FC(F)(F)c1c(N/N=C\2/C(=O)Nc3c/2cccc3)cccc1,305.26,,,,,,97.65,,2.34,,,,,
13399,,FC(F)(F)c1c(N/N=C/2\c3c(cccc3)CC\2)cccc1,290.29,1.10,,,,,96.76,,3.23,,,,0,
13400,,Clc1c([C@H](Nc2c3c(ncc2)cc(Cl)cc3)C)cccc1,317.21,16.30,,,,,76.65,,23.35,,,,,
13401,,Clc1cc2nccc(NCc3ccccc3)c2cc1,268.74,,,,,,49.46,,50.53,,,,,
13402,,O=C(N1c2c(cccc2)CC1)c1c2c(n(C)c1)cccc2,276.34,,,,,,42.11,,57.88,,,,,
13403,,O=C(N)c1c(OCc2c3ncccc3ccc2)cccc1,278.31,4.10,3.93,,,,87.42,,12.57,,,,,
13404,,Clc1c(C(=O)Nn2c3c(nc2)cccc3)ccc(F)c1,289.69,,,,,,29.27,,70.72,,,,,
13405,,Cn1c(-c2c3c([nH]c2)cccc3)cc2c1cccc2,246.31,2.70,2.96,,,,91.94,,8.05,,,,,
13406,,FC(F)(F)[C@@H]1CN(C(=O)Cc2c3c([nH]c2)cccc3)CCC1,310.32,,,,,,41.11,,58.88,,,,,
13407,,Clc1cc(C(=O)C)c(OCc2c3ncccc3cc(F)c2)cc1,329.76,,,,,,53.07,,46.92,,,,,
13408,,O=C(Cc1c2c([nH]c1)cccc2)N1CCSCC1,260.36,,,,,,39.11,,60.88,,,,,
13409,,O=C(Nc1c(C(=O)N)ccs1)c1c2c([nH]c1)cccc2,285.32,,,,,,41.18,,58.81,,,,,
13410,,S(Cc1ccc(F)cc1)c1c(C)[nH]c2c1cccc2,271.35,1.20,2.03,,,,82.30,,17.69,,,,0,
13411,,S(Cc1c(F)cccc1)c1c(C)[nH]c2c1cccc2,271.35,2.40,2.40,,,,74.49,,25.50,,,,,
13412,,S(Cc1c(C)cccc1)c1c(C)[nH]c2c1cccc2,267.39,0.90,1.23,,,,100.93,,-0.93,,,,0,
13413,,S(Cc1ccc(C)cc1)c1c(C)[nH]c2c1cccc2,267.39,,,,,,61.18,,38.81,,,,,
13414,,S(Cc1c(C)ccc(C)c1)c1c(C)[nH]c2c1cccc2,281.42,2.90,2.70,,,,76.55,,23.44,,,,,
13415,,FC(F)(F)c1c(Nc2n(C)c3c(n2)cccc3)cccc1,291.28,,,,,,17.53,,82.46,,,,,
13416,,S(Cc1ccccc1)c1c(C)[nH]c2c1cccc2,253.36,2.70,2.32,,,,74.24,,25.75,,,,,
13417,,O=C1N(CCc2ccccc2)c2c(S1)cccc2,255.34,10.00,,,,,71.69,,1.46,,,,,
13418,,N(Cc1c2c([nH]c1)cccc2)c1c(C)ccc(C)c1,250.35,,,,,,38.84,,1.85,,,,,
13419,,Clc1c(C(=O)Nc2noc3c2cccc3)cccc1,272.69,,,,,,43.32,,2.65,,,,,
13420,,O=C1c2c(C)nc(N3[C@@H](C)Cc4c3cccc4)nc2C[C@H](C)C1,307.40,,,,,,81.76,,1.05,,,,,
13421,,O=C1c2c(C)nc(N3c4c(cccc4)CC3)nc2CC(C)(C)C1,307.40,,,,,,59.17,,2.40,,,,,
13422,,N(=Nc1ccc(C)cc1)c1c2c([nH]c1)cccc2,235.29,3.00,,,,,50.80,,1.45,,,,,
13423,,N(=Nc1c2c([nH]c1)cccc2)c1c(C)cc(C)cc1,249.32,1.10,1.20,,,,109.96,,0.40,,,,,
13424,,FC(F)(F)c1c(N=Nc2c(C)[nH]c3c2cccc3)cccc1,303.29,3.70,3.58,,,,79.96,,1.34,,,,0,
13425,,N(Cc1c2c([nH]c1)cccc2)c1ccc(C)cc1,236.32,10.00,,,,,26.63,,1.55,,,,,
13426,,C(Cc1ccccc1)n1c2c(nc1)cc(C)c(C)c2,250.35,,,,,,19.57,,1.42,,,,,
13427,,O=C(N)c1c(/N=C/c2c3c([nH]c2)cccc3)cccc1,263.30,0.40,0.31,,,,112.62,,0.68,,,,0,
13428,,Clc1cc(-c2nn3c(n2)-c2c(N=C3)cccc2)c(OC)cc1,310.74,,,,,,39.77,,2.17,,,,,
13429,,O=C1O/C(=C\c2c3c([nH]c2)cccc3)/c2c1cccc2,261.28,0.90,0.83,,,,75.10,,2.70,,,,0,
13430,,C(=C/c1c2c([nH]c1)ccc(C)c2)\c1[n+](C)c(C)ccc1,263.36,500.00,,,,,76.50,,0.53,,,,,
13431,,Fc1cc2c(/C=C/c3cc[n+](C)cc3)c[nH]c2cc1,253.30,500.00,,,,,70.84,,0.38,,,,,
13432,,Clc1cc2c(/C=C/c3[n+](C)c(C)ccc3)c[nH]c2cc1,283.78,5.60,,,,,72.46,,0.33,,,,,
13433,,Fc1ccc(NCc2c3c([nH]c2)cccc3)cc1,240.28,10.00,,,,,29.01,,0.26,,,,,
13434,,FC(F)(F)c1ccc(/C=C(\C#N)/c2c3c([nH]c2)cccc3)cc1,312.30,0.80,0.73,,,,119.06,,0.74,,,,0,
13435,,C(Cc1c2c([nH]c1)cccc2)c1ncccc1,222.29,8.00,,,,,62.43,,0.40,,,,,
13436,,Fc1ccc(/C=C(\C#N)/c2c3c([nH]c2)cccc3)cc1,262.29,0.60,0.40,,,,116.53,,0.54,,,,0,
13500,,Fc1cc2c(-c3[nH]c4c(c3)cccc4)c[nH]c2cc1,250.28,1.20,,,,,,,,,,,0,
13502,,Brc1cc2[nH]cc(C3Nc4c(ccc(Br)c4)C3)c2cc1,392.09,4.10,,,,,,,,,,,,
13503,,Brc1cc2c(C3Nc4c(cc(Br)cc4)C3)c[nH]c2cc1,392.09,4.50,,,,,,,,,,,,
13504,,Brc1c2c(C3Nc4c(c(Br)ccc4)C3)c[nH]c2ccc1,392.09,2.00,1.69,,,,,,,,,,,
13505,,Cn1c(-c2c3c([nH]c2)cccc3)cc2c1cccc2,246.31,3.40,,,,,,,,,,,,
13506,,CC1(C)C(c2c3c([nH]c2)cccc3)Nc2c1cccc2,262.36,0.10,0.20,,,,,,,,,,0,
13506,,CC1(C)C(c2c3c([nH]c2)cccc3)Nc2c1cccc2,262.36,0.10,0.20,,,,,,,,,,,
13506,,CC1(C)C(c2c3c([nH]c2)cccc3)Nc2c1cccc2,262.36,0.20,0.20,,,,,,,,,,,
13508,,OCCn1c2c(c(C3C(C)(C)c4c(N3)cccc4)c1)cccc2,306.41,4.80,2.70,,,,,,,,,,,
13509,,O(C)c1cc2c([nH]c(-c3c4c([nH]c3)cccc4)c2)cc1,262.31,2.60,3.10,,,,,,,,,,,
13510,,Brc1cc2c(C3C(C)(C)c4c(N3)cccc4)c[nH]c2cc1,341.25,2.50,1.54,,,,,,,,,,,
13511,,Brc1cc2C(C)(C)C(c3c4c([nH]c3)cccc4)Nc2cc1,341.25,3.00,1.90,,,,,,,,,,,
13512,,Brc1cc2c(C3C(C)(C)c4c(N3)ccc(Br)c4)c[nH]c2cc1,420.15,6.00,,,,,,,,,,,,
13514,,O(CCn1c2c(c(C3C(C)(C)c4c(N3)cccc4)c1)cccc2)c1cc(C)ccc1,396.53,5.00,,,,,40.00,,,,,,,
13515,,CC1(C)C(c2c3c([nH]c2)cccc3)Nc2c1cccc2.Cl,298.81,,,,,,94.91,,,,,,0,
13516,,Cn1c2c(c(C3C(C)(C)c4c(N3)cccc4)c1)cccc2.Cl,312.84,3.60,,,,,70.00,,,,,,,
13521,,Clc1cc2[nH]cc(C3C(C)(C)c4c(N3)cccc4)c2cc1,296.80,0.40,0.26,,,,112.91,,,,,,0,
13522,,Clc1cc2c(C3C(C)(C)c4c(N3)cccc4)c[nH]c2cc1,296.80,3.40,2.19,,,,95.24,,,,,,,
13524,,S(=O)(=O)(CC12C(C)(C)C(CC1=O)CC2)n1c2c(c(C3C(C)(C)c4c(N3)cccc4)c1)cccc2,476.64,4.90,6.65,,,,,,,,,,,
13525,,Oc1ccc(CN2C(c3c4c([nH]c3)cccc4)C(C)(C)c3c2cccc3)cc1,368.48,3.10,7.09,,,,,,,,,,,
13530,,O=[N+]([O-])c1cc2c(C3C(C)(C)c4c(N3)cccc4)c[nH]c2cc1,307.35,4.70,1.60,,,,,,,,,,,
13531,,Fc1cc2c(C3C(C)(C)c4c(N3)cccc4)c[nH]c2cc1,280.35,1.50,,,,,,,,,,,,
13532,,O=C(OCC)CN1C(c2c3c([nH]c2)cccc3)C(C)(C)c2c1cccc2,348.45,2.80,3.10,,,,,,,,,,,
13534,,c1(C2C3(c4c(N2)cccc4)CCCCC3)c2c([nH]c1)cccc2,302.42,0.80,1.25,,,,,,,,,,0,
13535,,Cc1cc2c(C3C(C)(C)c4c(N3)cccc4)c[nH]c2cc1,276.38,1.50,1.87,,,,,,,,,,0,
13536,,O(C)c1cc2c(C3C(C)(C)c4c(N3)cccc4)c[nH]c2cc1,292.38,2.20,2.52,,,,,,,,,,0,
13537,,CC1(C)C(c2c3c([nH]c2)nccc3)=Nc2c1cccc2,261.33,0.70,0.81,,,,,,,,,,0,
13538,,Nc1cc2c(C3C(C)(C)c4c(N3)cccc4)c[nH]c2cc1,277.37,7.70,,,,,,,,,,,,
13540,,Brc1cc2c([nH]c(-c3sc4c(n3)cccc4)c2)cc1,329.22,2.50,,,,,,,,,,,,
13541,,Oc1c2[nH]cc(C3C(C)(C)c4c(N3)cccc4)c2ccc1,278.36,0.50,0.94,,,,,,,,,,0,
13542,,Oc1cc2[nH]cc(C3C(C)(C)c4c(N3)cccc4)c2cc1,278.36,5.70,,,,,,,,,,,,
13543,,O(Cc1ccccc1)c1c2[nH]cc(C3C(C)(C)c4c(N3)cccc4)c2ccc1,368.48,3.70,3.19,,,,,,,,,,,
13544,,O(Cc1ccccc1)c1cc2[nH]cc(C3C(C)(C)c4c(N3)cccc4)c2cc1,368.48,11.40,,,,,,,,,,,,
13545,,O=C(OCC)C1(c2c3c([nH]c2)cccc3)C(=O)c2c(N1)cccc2,320.35,4.90,2.92,,,,,,,,,,,
13547,,Cc1c2c(nc(-c3c4c([nH]c3)cccc4)c1)cccc2,258.32,5.60,,,,,,,,,,,,
13548,,Cc1cc2c(C3C4(c5c(N3)cccc5)CCCCC4)c[nH]c2cc1,316.45,3.20,4.24,,,,,,,,,,,
13549,,Cc1cc2[nH]cc(C3C4(c5c(N3)cccc5)CCCCC4)c2cc1,316.45,1.70,2.57,,,,,,,,,,,
13550,,O(Cc1ccccc1)c1cc2[nH]cc(C3C4(c5c(N3)cccc5)CCCCC4)c2cc1,408.55,11.80,,,,,,,,,,,,
13551,,Oc1cc2[nH]cc(C3C4(c5c(N3)cccc5)CCCCC4)c2cc1,318.42,15.50,,,,,,,,,,,,
13552,,Oc1c2[nH]cc(C3C4(c5c(N3)cccc5)CCCCC4)c2ccc1,318.42,1.10,1.14,,,,,,,,,,0,
13554,,O(C)c1c2[nH]cc(-c3nc4c(c(C)c3)cccc4)c2ccc1,288.35,0.60,0.67,,,,,,,,,,0,
13556,,CC1(C)C(c2c3c([nH]c2)nccc3)Nc2c1cccc2,263.34,2.10,2.18,,,,,,,,,,,
13558,,OCc1c2[nH]cc(C3C(C)(C)c4c(N3)cccc4)c2ccc1,292.38,1.60,,,,,,,,,,,,
13559,,c1(C=2C3(c4c(N=2)cccc4)CCCCC3)c2c([nH]c1)nccc2,301.39,6.60,,,,,,,,,,,,
13560,,CC1(C)C(c2c3c([nH]c2)nccc3)Nc2c1cccc2,263.34,2.30,,,,,,,,,,,,
13561,,CC1(C)C(c2c3c([nH]c2)cncc3)Nc2c1cccc2,263.34,10.70,,,,,,,,,,,,
13563,,O(Cc1ccccc1)c1cc2[nH]cc(C3Nc4c(ccc(OCc5ccccc5)c4)C3)c2cc1,446.55,"1,000.00",,,,,,,,,,,,
13564,,O=C(OC)N1C(c2c3c([nH]c2)cccc3)Cc2c1cccc2,292.34,5.10,,,,,,,,,,,,
13565,,Brc1cc2[nH]cc(C3Nc4c(ccc(Br)c4)C3)c2cc1,392.09,4.10,,,,,,,,,,,,
13578,,Cc1c2[nH]cc(-c3sc4ncccc4c3)c2ccc1,264.35,"1,000.00","1,000.00",,,,,,,,,,,
13588,,O=C(C)c1ccc(-c2nc3c(cc2)cccc3)cc1,247.30,"1,000.00",6.56,,,,,,,,,,,
13590,,c1(-c2cnccc2)n[nH]c2c1cccc2,195.23,"1,000.00","1,000.00",,,,,,,,,,,
13640,,Clc1c2c(-c3nc4c(cc3)cccc4)c[nH]c2c(Cl)cc1,313.18,12.70,,,,,,,,,,,,
13677-1,,Brc1c2nc(-c3c4c(c(C)ccc4)[nH]c3)ccc2ccc1,337.22,0.20,0.15,,,,,,,,,,1,
13705,,Clc1c2nc(-c3c4c(c(C)cc(F)c4)[nH]c3)cnc2ccc1,311.74,"1,000.00","1,000.00",,,,,,,,106.00,,,
13739,,c1(-c2ccccc2)c2c([nH]c1)nccc2,194.24,0.70,0.68,,,,,,,,,,0,
13740,,Fc1ccc(-c2c3c([nH]c2)nccc3)cc1,212.23,0.10,0.12,,,,,,,,,,0,
13741,,FC(F)(F)c1cnc(-c2c3c([nH]c2)cccc3)cc1,262.24,0.30,0.30,,,,,,,,,,0,
13742,,Fc1cnc(-c2c3c([nH]c2)cccc3)cc1,212.23,0.20,0.21,,,,,,,,,,0,
13743,,FC(F)(F)c1ccc(-c2c3c([nH]c2)cccc3)cc1,261.25,0.40,0.39,,,,,,,,,,0,
13744,,Cc1c2[nH]cc(-c3cc4ncccc4cc3)c2ccc1,258.32,0.80,0.75,,,,,,,,,,0,
13745,,FC(F)(F)c1c(-c2c3c([nH]c2)cccc3)cccc1,261.25,1.00,0.95,,,,,,,,,,0,
13746,,Clc1c2[nH]cc(-c3nc4c(c(C(=O)N)ccc4)cc3)c2cc(F)c1,339.75,"1,000.00","1,000.00",,,,,,,,,,,
13747,,Fc1c2[nH]cc(-c3nc4c(c(C(=O)N)ccc4)cc3)c2cc(F)c1,323.30,"1,000.00","1,000.00",,,,,,,,,,,
13748,,Clc1c2[nH]cc(-c3nc4c(c(Cl)ccc4)cc3)c2ccc1,313.18,"1,000.00","1,000.00",,,,,,,,,,,
13749,,Fc1c(F)c2[nH]cc(-c3nc4c(cc(F)cc4)cc3)c2cc1F,316.26,0.30,0.23,,,,,,,,,,0,
13750,,Clc1c2c(nc(-c3c4c(c(F)c(F)c(F)c4)[nH]c3)cc2)ccc1,332.71,"1,000.00","1,000.00",,,,,,,,42.60,,,
13751,,Fc1c(F)c2[nH]cc(-c3nc4c(c(F)ccc4)cc3)c2cc1F,316.26,"1,000.00","1,000.00",,,,,,,,,,,
13752,,Fc1c(F)cc(F)c2[nH]cc(-c3nc4c(F)cccc4cc3)c12,316.26,0.40,0.26,,,,,,,,7.94,,0,
13753,,Clc1c2c(nc(-c3c4c(F)c(F)cc(F)c4[nH]c3)cc2)ccc1,332.71,0.20,0.10,,,,,,,,,,1,
13754,,Fc1c(F)c2[nH]cc(-c3nc4c(c(C(=O)NC)ccc4)cc3)c2cc1F,355.32,0.10,0.05,,,,,,,,,,0,
13755,,Clc1c2nc(-c3c4c(c(F)c(F)c(F)c4)[nH]c3)ccc2c(C(=O)NC)cc1,389.76,0.50,0.47,,,,,,,,,,0,
13756,,Cn1c2c(cc(-c3cc4c(cc3)cccc4)cc2)cc1,257.34,2.00,1.49,,,,,,,,,,,
13757,,Cc1c2[nH]cc(-c3cc4scnc4cc3)c2ccc1,264.35,"1,000.00",,,,,,,,,,,,
13758,,Cc1c2[nH]cc(-c3cc4scnc4cc3)c2ccc1,264.35,2.00,0.38,,,,,,,,,,,
13759,,Cc1c2[nH]cc(-c3cc4ocnc4cc3)c2ccc1,248.29,0.30,0.27,,,,,,,,17.79,,0,
13760,,Cc1c2[nH]cc(-c3sc4c(n3)cccc4)c2ccc1,264.35,0.10,0.05,,,,,,,,35.03,,1,
13761,,FC(F)(F)c1c2c(nc(-c3c4c(c(F)c(F)c(F)c4)[nH]c3)cc2)ccc1,366.27,0.50,0.38,,,,,,,,66.77,,0,
13762,,Fc1c(F)c2[nH]cc(-c3nc4c(nc3)ccc(F)c4)c2cc1F,317.25,0.50,0.42,,,,,,,,119.93,,0,
13763,,FC(F)(F)c1ccc(-c2c3ncccc3[nH]c2)cc1,262.24,0.60,0.67,,,,,,,,,,0,
13764,,Fc1cc2[nH]cc(-c3nc4c(cc3)cccc4)c2cc1,262.29,0.10,0.08,,,,,,,,19.98,,0,
13765,,Cc1c2[nH]cc(-c3nc4c(cncc4)cc3)c2ccc1,259.31,"1,000.00","1,000.00",,,,,,,,,,,
13766,,Brc1sc(-c2c3c(c(C)ccc3)[nH]c2)nc1,293.18,0.00,0.02,,,,,,,,32.15,,likely,0.05 egfp
13767,,O=C(C)c1ccc(-c2c3ncccc3[nH]c2)cc1,236.27,1.00,0.62,,,,,,,,,,0,
13768,,O(C)c1ccc(-c2c3ncccc3[nH]c2)cc1,224.26,2.10,1.28,,,,,,,,,,,
13769,,Clc1c2c(nc(-c3c4c(c(F)c(F)c(F)c4)[nH]c3)cc2)ccc1,332.71,"1,000.00",,,,,,,,,40.99,,,
13770,,Fc1c(F)c2[nH]cc(-c3nc4c(cc3)cccc4)c2cc1F,298.27,0.10,0.02,,,,,,,,14.83,,1,
13771,,Fc1c(C)c2[nH]cc(-c3nc4c(c(C(=O)NC)ccc4)cc3)c2cc1F,351.36,0.20,0.09,,,,,,,,68.82,,0,
13772,,Fc1c(F)c2[nH]cc(-c3nc4c(cc3)ccc(F)c4)c2cc1F,316.26,0.20,0.17,,,,,,,,47.68,,0,
13773,,Clc1c2nc(-c3c4c(c(F)c(F)c(F)c4)[nH]c3)ccc2ccc1,332.71,0.30,0.30,,,,,,,,116.41,,0,
13774,,Fc1c(F)c2[nH]cc(-c3nc4c(F)cccc4cc3)c2cc1F,316.26,0.70,0.77,,,,,,,,2.00,,0,
13775,,Fc1c(N2CCOCC2)c2[nH]cc(-c3nc4c(c(C(=O)NC)ccc4)cc3)c2cc1F,422.44,3.70,,,,,,,,,299.97,,,
13776,,Fc1c(F)c2[nH]cc(-c3nc4c(cc(F)cc4)cc3)c2cc1F,316.26,0.20,0.20,,,,,,,,,,0,
13789,,Fc1c(F)c2[nH]cc(-c3nc4c(c(C(=O)NC(C)C)ccc4)cc3)c2cc1F,383.37,0.10,0.16,,,,,,,,,,0,
